redirect_url,description,salary_min,salary_max,salary_is_predicted,id,created,title,latitude,longitude,category.label,category.tag,company.display_name,location.area,location.display_name,contract_time,contract_type
https://www.adzuna.co.uk/jobs/land/ad/5643438455?se=wG_bB7NB8RG60p_fUSdYlA&utm_medium=api&utm_source=ce5ae1a3&v=4DCB130EF51848B9BAA17F2F4264ABB899EFAC04,"Professional Services | NHS-Focused | UK-Wide Remote Your new company A growing professional services firm is expanding its finance transformation offering and is looking to engage with finance professionals ahead of upcoming project work. The organisation focusses on delivering practical, measurable improvements across complex operational environments. Your new role You’ll be working in a business partnering capacity, supporting operational improvement initiatives through insightful financial …",57963.98,57963.98,1,5643438455,2026-02-24T10:27:12Z,Management Accountant/Business Partner,,,IT Jobs,it-jobs,HAYS,"['UK', 'London']","London, UK",,contract
https://www.adzuna.co.uk/jobs/land/ad/5443860817?se=wG_bB7NB8RG60p_fUSdYlA&utm_medium=api&utm_source=ce5ae1a3&v=D5FC54A0FB480F2037ECEBB0F3EEA06041381546,"Description Service Architect (Bid and Programme) Location : Farnborough, with opportunity for working at home and the need for occasional travel to customer. Security Clearance Level: DV Leidos has more than 30 years’ experience of developing and running some of the largest government systems in the world. We are currently hiring to expand our UK based technical team who support our delivery for the UK Govt. Come join our team and further develop your skills as we deliver and support systems k…",60291.34,60291.34,1,5443860817,2025-10-12T05:59:46Z,Service Architect,51.287563,-0.767213,IT Jobs,it-jobs,Leidos,"['UK', 'South East England', 'Hampshire', 'Farnborough']","Farnborough, Hampshire",full_time,
https://www.adzuna.co.uk/jobs/land/ad/5707019781?se=wG_bB7NB8RG60p_fUSdYlA&utm_medium=api&utm_source=ce5ae1a3&v=78846DC05F5ABC0D9E2DBBBF644CA98672A2CF1C,"Support Developer (EMV / Smart Card) We are looking for a skilled Support Developer with expertise in EMV and smart card technologies to join our team. This role involves supporting the development, configuration, certification, and troubleshooting of EMV chip profiles for both contact and contactless payment cards. You will play a key role in ensuring smooth card issuance, certification success, and ongoing technical support. Key Responsibilities: Develop and configure EMV chip profiles (conta…",50000.0,50000.0,0,5707019781,2026-04-22T10:36:00Z,Support Developer (EMV / Smart Card),53.757702,-2.70344,IT Jobs,it-jobs,Adria Solutions,"['UK', 'North West England', 'Lancashire', 'Preston']","Preston, Lancashire",,permanent
https://www.adzuna.co.uk/jobs/land/ad/5707295626?se=wG_bB7NB8RG60p_fUSdYlA&utm_medium=api&utm_source=ce5ae1a3&v=D3C1AA2740AAC7D31DDE71633DA209C5632C1FE5,"Launch Your Cyber Security Career – Job Guaranteed! Cyber attacks are rising, and companies need skilled professionals now more than ever. With Newto Training’s Cyber Security Career Programme, you’ll gain 4 top certifications (Azure Fundamentals, CompTIA Security, CompTIA CySA, Forescout FSCA) plus real-world project work that doubles as hands-on experience. 100 hours of live training Practical skills in troubleshooting, networking (Cisco), Azure cloud, Splunk SIEM & Tenable vulnerability mana…",10000.0,50000.0,0,5707295626,2026-04-22T17:24:52Z,Trainee Junior Security Consultant,,,IT Jobs,it-jobs,Newto Training,['UK'],UK,full_time,permanent
https://www.adzuna.co.uk/jobs/land/ad/5700632748?se=wG_bB7NB8RG60p_fUSdYlA&utm_medium=api&utm_source=ce5ae1a3&v=F5020E3A56BECD1FB0D2220618CCEB04C93D1346,"Environments Manager 6 Month Contract Leeds, West Yorkshire - Hybrid A contract opportunity for an experienced Environments Manager to take ownership of environment management across a complex, multi-system landscape, focusing on rolling out a clear environment management approach, and delivering coordinated data refresh activity across multiple platforms. You'll be working across several teams and systems, ensuring environments are available, stable, and aligned to delivery needs. The Environm…",85397.41,85397.41,1,5700632748,2026-04-15T22:10:21Z,Environments Manager,53.799599,-1.54912,IT Jobs,it-jobs,Fruition Group,"['UK', 'Yorkshire And The Humber', 'West Yorkshire', 'Leeds']","Leeds, West Yorkshire",,contract
https://www.adzuna.co.uk/jobs/land/ad/5709256708?se=wG_bB7NB8RG60p_fUSdYlA&utm_medium=api&utm_source=ce5ae1a3&v=FBBAFCB03BFF0F01F0FC15AEB896F8473815AA80,"Sparta Global is looking for passionate and committed individuals who want to kickstart a career in technology! You must be willing to complete full-time training in our Business Solutions programme and will then be assigned to work in a junior role with one of our trusted client partners as a 'Spartan' consultant. We are building for exciting future opportunities, your application will be reviewed accordingly, aligning to availability and requirements ensuring we can match the right candidates…",24000.0,24000.0,0,5709256708,2026-04-24T10:58:24Z,Business Solutions Consultant,51.455299,-2.5919,IT Jobs,it-jobs,Sparta Global Limited,"['UK', 'South West England', 'Bristol']","Bristol, South West England",full_time,permanent
https://www.adzuna.co.uk/jobs/land/ad/5643438606?se=wG_bB7NB8RG60p_fUSdYlA&utm_medium=api&utm_source=ce5ae1a3&v=5BE14849CD0D41831E49946C0E82D0E77F4ABC72,"Finance Transformation Contractor | NHS-Focused Projects | UK-Wide Remote | Competitive Day Rate Your new company A growing professional services firm is expanding its finance transformation offering and is looking to engage with finance professionals ahead of upcoming project work. The organisation focusses on delivering practical, measurable improvements across complex operational environments. Your new role You’ll be working in a business partnering capacity, supporting operational improveme…",58957.74,58957.74,1,5643438606,2026-02-24T10:27:13Z,Managmenet Accountant/Business Partner,,,IT Jobs,it-jobs,HAYS,"['UK', 'London']","London, UK",,contract
https://www.adzuna.co.uk/jobs/land/ad/5695743213?se=wG_bB7NB8RG60p_fUSdYlA&utm_medium=api&utm_source=ce5ae1a3&v=B6B2DE49D8265576D7D93744E1892982CC31FD9B,"Description Readiness Manager Programme Name: Logistics Commodities & Services Transformation (LCST) Location: Bristol The Role: Leidos is looking to recruit a vitally important role within the Operations Team; Readiness Manager. The post requires the successful applicant to be responsive for all operational planning for Leidos support to contingent operations, particularly planning for a Strategic Base Outload into Europe in support of NATO. The successful individual will be responsible to the…",57266.66,57266.66,1,5695743213,2026-04-10T17:06:10Z,Readiness Manager,51.457573,-2.593585,IT Jobs,it-jobs,Leidos,"['UK', 'South West England', 'Bristol', 'St. James']","St. James, Bristol",full_time,
https://www.adzuna.co.uk/jobs/land/ad/5706018590?se=wG_bB7NB8RG60p_fUSdYlA&utm_medium=api&utm_source=ce5ae1a3&v=AFD757AE0952D5FC76D09CF7A1ED91A8DC061A40,"Senior Optimisation Consultant ( Overview A global enterprise is launching a large-scale transformation programme focused on optimising complex asset operations and large-scale workflows. We are seeking senior-level optimisation specialists to work end-to-end on intricate operational challenges, shaping high-impact technical and mathematical solutions. What youll be doing Design and Implement Solutions: Create optimisation models for high-value asset maintenance and large-scale operational plan…",72348.02,72348.02,1,5706018590,2026-04-21T10:33:41Z,Senior Optimisation / Operations Research Consultant,51.451818,-0.02806,IT Jobs,it-jobs,Xcede,"['UK', 'London', 'South East London']","South East London, London",,contract
https://www.adzuna.co.uk/jobs/land/ad/5705662105?se=wG_bB7NB8RG60p_fUSdYlA&utm_medium=api&utm_source=ce5ae1a3&v=37462E3FF4566420464BD33828C0D1D328E440B9,"Shape the future of digital education at Inspire Education Group Inspire Education Group (IEG) is entering an exciting phase of digital transformation, and we are looking for a visionary and collaborative Group Head of Digital to help lead the way. This is a new and influential role with responsibility for driving digital innovation across the Group strengthening digital literacy, enhancing digital pedagogy, and embedding new and emerging technologies across teaching, learning and professional …",50000.0,50000.0,0,5705662105,2026-04-21T02:51:02Z,Head of Digital,52.586427,-0.229202,IT Jobs,it-jobs,Inspire Education Group,"['UK', 'Eastern England', 'Peterborough', 'Dogsthorpe']","Dogsthorpe, Peterborough",full_time,permanent
https://www.adzuna.co.uk/jobs/land/ad/5679236026?se=ljYvCLNB8RG60p_fUSdYlA&utm_medium=api&utm_source=ce5ae1a3&v=529C723FF68F8B1AD8B6BFBA42237387710634CD,"Trainer of IT Applications to join a growing professional services organisation based in Bury St Edmunds ( nearest mainline station Bury St Edmunds , IP32 6AQ ) . This IT Application Trainer role will appeal to someone who enjoys training, supporting users, and helping businesses get the very best from their systems and technology. This is a role with real visibility and purpose. You will play a key part in how systems are adopted across the firm, working closely with users, shaping training ap…",35000.0,35000.0,0,5679236026,2026-03-26T11:38:50Z,IT Trainer - Business Applications - 35k,,,IT Jobs,it-jobs,Langley James Limited,"['UK', 'Eastern England', 'Suffolk', 'Bury St. Edmunds']","Bury St. Edmunds, Suffolk",,permanent
https://www.adzuna.co.uk/jobs/land/ad/5692426968?se=ljYvCLNB8RG60p_fUSdYlA&utm_medium=api&utm_source=ce5ae1a3&v=26921AF7C47F2EDD5F821B26F9819DD47C99C87D,"Kickstart Your Career in Ethical Hacking – With Guaranteed Job Opportunities Are you ready to break into one of the fastest-growing industries? Cyber professionals are in high demand worldwide, and Newto Training can help you become one of them. Our Ethical Hacker Career Programme is designed to give you industry-recognised certifications, practical work experience through project work, and the skills employers are looking for. Whether you’re new to IT or looking to transition your skills, we’l…",25000.0,50000.0,0,5692426968,2026-04-07T22:04:10Z,Junior Penetration Tester,,,IT Jobs,it-jobs,Newto Training,['UK'],UK,full_time,permanent
https://www.adzuna.co.uk/jobs/land/ad/5692750308?se=ljYvCLNB8RG60p_fUSdYlA&utm_medium=api&utm_source=ce5ae1a3&v=30DACBDF3A9CD5B4D850083B24A57C9CB551024D,"Are you ready to start a new career in Data Analysis? The demand for Data Analysts has grown by 20% annually, with experienced professionals earning salaries upwards of £58,000. In today’s digital world, data is critical to business decision-making, making the role of a Data Analyst indispensable. As skills shortages continue to grow, the demand for qualified entry-level professionals is on the rise. With our Data Analytics career programme we will provide you with: 8 training modules: Excel, S…",25000.0,78000.0,0,5692750308,2026-04-08T04:29:39Z,Data Analyst Trainee,,,IT Jobs,it-jobs,Newto Training,['UK'],UK,full_time,permanent
https://www.adzuna.co.uk/jobs/land/ad/5698451227?se=ljYvCLNB8RG60p_fUSdYlA&utm_medium=api&utm_source=ce5ae1a3&v=A3DD7DD3BB139FA1E7A8648C6595952FD555E662,Become a Professional Game Tester We're looking for passionate gamers to join our elite team of mobile game testers. Get paid to play and test the latest games before they launch. £365 Avg Monthly Pay 5-10 Hours/Week 100% Remote This opportunity is open to users in the UK Position Requirements: Must be 18 years or older Own a smartphone or tablet Able to commit 5-10 hours per week Strong attention to detail Reliable internet connection,41480.41,41480.41,1,5698451227,2026-04-13T23:45:45Z,Remote Game Tester,51.801102,-4.97154,IT Jobs,it-jobs,Babki,"['UK', 'Wales', 'Pembrokeshire', 'Haverfordwest']","Haverfordwest, Pembrokeshire",,
https://www.adzuna.co.uk/jobs/land/ad/5687602997?se=ljYvCLNB8RG60p_fUSdYlA&utm_medium=api&utm_source=ce5ae1a3&v=F5EC0506309631DF15200AD0D5E4ACF2CF0C4CCF,"Our exciting client is seeking an Engineering Lead to build and lead small, high-performing Agile teams (4-8 engineers) delivering secure, scalable solutions within the UK National Security (NatSec) domain Engineering Lead - AI, Cloud & National Security Package - £110,000 - £120,000  dv bonus  excellent package Location - Cheltenham - Hybrid Clearance - eDV Clearance Required Overview This is a hands-on leadership role combining architecture, software engineering, and team leadership, with a f…",100000.0,100000.0,0,5687602997,2026-04-02T17:06:45Z,"Engineering Lead - AI, Cloud & National Security",51.866699,-2.24867,IT Jobs,it-jobs,Forward Role,"['UK', 'South West England', 'Gloucestershire', 'Gloucester']","Gloucester, Gloucestershire",,permanent
https://www.adzuna.co.uk/jobs/land/ad/5698024805?se=ljYvCLNB8RG60p_fUSdYlA&utm_medium=api&utm_source=ce5ae1a3&v=8CD51ED7388E0E029CFEDD9A7880DFA69DD1C545,"In a Nutshell We have an exciting opportunity for a Group Social Value Manager to join our team within Vistry Services, at our Devon South West or London offices. As our Group Social Value Manager, you will have a critical role within the Group Social Value team, with a strong focus on social value data management, systems, governance and assurance. You will take day-to-day ownership of our Group social value data platform, ensuring data accuracy, consistency and audit readiness across the busi…",0.0,41.0,0,5698024805,2026-04-13T10:15:03Z,Group Social Value Manager,50.728486,-3.468943,IT Jobs,it-jobs,Vistry Group,"['UK', 'South West England', 'Devon', 'Exeter', 'Middlemoor']","Middlemoor, Exeter",,contract
https://www.adzuna.co.uk/jobs/details/5702329571?utm_medium=api&utm_source=ce5ae1a3,"About you An experienced leader with a track record of delivering complex programmes of work, ideally within in a healthcare setting. You excel at driving improvement and managing high-performing teams. You combine a strategic mindset with the ability to translate complex data into the clear insights needed for effective advocacy and decision-making. A natural collaborator, you build influential relationships with senior clinicians, volunteers, and external partners to support meaningful change…",55052.0,55052.0,0,5702329571,2026-04-17T08:38:11Z,Workforce Manager,51.503378,-0.139134,IT Jobs,it-jobs,ROYAL COLLEGE OF PATHOLOGISTS,"['UK', 'London']","London, UK",full_time,permanent
https://www.adzuna.co.uk/jobs/land/ad/5702474721?se=ljYvCLNB8RG60p_fUSdYlA&utm_medium=api&utm_source=ce5ae1a3&v=34653F57ACD0ACD7EC9E2EF4AE3EAE743688BE43,"Data Analyst Course Programme – Job Guarantee Included Complete online training designed to take you from zero experience to your first data analyst role. Study part-time, build fundamental skills, and get dedicated job placement support until you're hired. Flexible financing options available, with payment plans starting from as low as £142 per month. The Programme Complete this 10-week online training with just 10-15 hours per week of study time. You'll learn industry-standard tools, includin…",29299.87,29299.87,1,5702474721,2026-04-17T12:13:54Z,Data Analysis Starter Course (Archway),51.573531,-0.140839,IT Jobs,it-jobs,ITonlinelearning Recruitment,"['UK', 'London', 'North London', 'Archway']","Archway, North London",part_time,
https://www.adzuna.co.uk/jobs/land/ad/5698241979?se=ljYvCLNB8RG60p_fUSdYlA&utm_medium=api&utm_source=ce5ae1a3&v=3B4C82D59EF9BA6827A1168CC469EC546AE96D4B,"We are looking for an Application and System Engineer to join our team in Colchester, United Kingdom . Role and Responsibilities Support customer applications in semiconductor on‑wafer and advanced packaging. Translate customer requirements into effective tool operation. Handle customer samples and produce reports, data, and presentations. Provide technical sales support and respond to technical enquiries. Deliver on‑site installation, training, diagnostics, and applications support. Manage cus…",39235.43,39235.43,1,5698241979,2026-04-13T18:22:13Z,Application and System Engineer,51.805863,0.63712,IT Jobs,it-jobs,UK Prog Agency VONQ Direct CPC,"['UK', 'Eastern England', 'Essex', 'Witham', 'Rivenhall']","Rivenhall, Witham",,
https://www.adzuna.co.uk/jobs/land/ad/5635519848?se=ljYvCLNB8RG60p_fUSdYlA&utm_medium=api&utm_source=ce5ae1a3&v=6B2BCF16D1F9A33B05239F79AC9ADF57CF76EECA,Become a Professional Game Tester We're looking for passionate gamers to join our elite team of mobile game testers. Get paid to play and test the latest games before they launch. £365 Avg Monthly Pay 5-10 Hours/Week 100% Remote This opportunity is open to users in the UK Position Requirements: Must be 18 years or older Own a smartphone or tablet Able to commit 5-10 hours per week Strong attention to detail Reliable internet connection,40543.94,40543.94,1,5635519848,2026-02-19T02:20:17Z,Remote Game Tester,51.7523,-1.25588,IT Jobs,it-jobs,Babki,"['UK', 'South East England', 'Oxfordshire', 'Oxford']","Oxford, Oxfordshire",,
https://www.adzuna.co.uk/jobs/land/ad/5707295634?se=fn_QCLNB8RG559CN95vx2w&utm_medium=api&utm_source=ce5ae1a3&v=18DAC0DB05C5C820CDC6A61D21D191944E39D730,"Launch Your Cyber Security Career – Job Guaranteed! Cyber attacks are rising, and companies need skilled professionals now more than ever. With Newto Training’s Cyber Security Career Programme, you’ll gain 4 top certifications (Azure Fundamentals, CompTIA Security, CompTIA CySA, Forescout FSCA) plus real-world project work that doubles as hands-on experience. 100 hours of live training Practical skills in troubleshooting, networking (Cisco), Azure cloud, Splunk SIEM & Tenable vulnerability mana…",10000.0,50000.0,0,5707295634,2026-04-22T17:24:53Z,Trainee Associate Analyst & Researcher - OSINT & Cyber Investigations,,,IT Jobs,it-jobs,Newto Training,['UK'],UK,full_time,permanent
https://www.adzuna.co.uk/jobs/land/ad/5709256703?se=fn_QCLNB8RG559CN95vx2w&utm_medium=api&utm_source=ce5ae1a3&v=E53BB3D8D8CD406E8D09EFEC6B8718E365355350,"A growing financial and legal services business based in Liverpool is seeking a dynamic and experienced HubSpot CRM Manager & Business Analytics Specialist to optimise their HubSpot CRM platform, automate workflows, and support business performance analysis. You will be an essential part of the team, leveraging HubSpots capabilities to refine CRM configurations, design robust automation systems, and drive data-driven insights. You will work closely with various teams to ensure smooth CRM operat…",85000.0,85000.0,0,5709256703,2026-04-24T10:58:24Z,HubSpot CRM & Business Analytics Manager,53.407594,-2.999019,IT Jobs,it-jobs,Ashdown Group,"['UK', 'North West England', 'Merseyside', 'Liverpool', 'Low Hill']","Low Hill, Liverpool",,permanent
https://www.adzuna.co.uk/jobs/land/ad/5681350213?se=fn_QCLNB8RG559CN95vx2w&utm_medium=api&utm_source=ce5ae1a3&v=0EF853CCDA8D33AF01992D71F7CE7DCC8F5E948F,"The suitable applicant will meet the following minimum requirements: A thorough understanding of FPGA concepts and hardware design. Proficiency in VHDL design toolsets and verification suites. Experience of developing complex FPGA architectures and design solutions. Requirements capture and development Conduct FPGA synthesis, place and route, and timing closure to meet performance targets. Developing supporting software to maximise the efficiency of the FPGA design lifecycle, e.g. test scripts.…",53786.59,53786.59,1,5681350213,2026-03-28T11:53:50Z,Senior FPGA Design Engineer,52.921902,-1.47564,IT Jobs,it-jobs,Sanderson Government and Defence,"['UK', 'East Midlands', 'Derbyshire', 'Derby']","Derby, Derbyshire",,contract
https://www.adzuna.co.uk/jobs/land/ad/5643439289?se=fn_QCLNB8RG559CN95vx2w&utm_medium=api&utm_source=ce5ae1a3&v=A1254B7EA980A2B39593FDECE19A43FDC2F19A48,"A great opportunity for an experienced Group Risk Manager to shape enterprise‑wide risk strategy Your new company You’ll be joining a leading UK construction solutions provider renowned for delivering high-profile projects across a variety of sectors. The organisation partners with government and key clients and has innovation, sustainability and digital capability at the core of its work. The Risk and Assurance function plays a central role in supporting safe, well‑governed delivery and shapin…",76565.66,76565.66,1,5643439289,2026-02-24T10:27:16Z,Group Risk Manager - Construction,51.515658,-0.736426,IT Jobs,it-jobs,Hays,"['UK', 'South East England', 'Windsor & Maidenhead', 'Maidenhead']","Maidenhead, Windsor & Maidenhead",,
https://www.adzuna.co.uk/jobs/land/ad/5698024668?se=fn_QCLNB8RG559CN95vx2w&utm_medium=api&utm_source=ce5ae1a3&v=5E56FE66133940BB041863B44F512B4CD2C14FA8,"At The Stepstone Group, we have a simple yet very important mission: The right job for everyone. Using our data, platform, and technology, we create opportunities for jobseekers and companies around the world to find a perfect match in fair and equitable way. With over 20 brands across 30 countries, we strive for fair and unbiased hiring. Join our team of 3,000 employees and be part of reshaping the labour market and becoming the worlds leading job platform. Job Description We have an opportuni…",66049.31,66049.31,1,5698024668,2026-04-13T10:14:39Z,"Salesforce Engineer - Certinia, CPQ, Billing",51.506312,-0.099871,IT Jobs,it-jobs,Stepstone UK,"['UK', 'London', 'South East London', 'South Bank']","South Bank, South East London",,permanent
https://www.adzuna.co.uk/jobs/land/ad/5635519854?se=fn_QCLNB8RG559CN95vx2w&utm_medium=api&utm_source=ce5ae1a3&v=452482EA6FF9D2C3A54A8144AA4A726FA93455B4,Become a Professional Game Tester We're looking for passionate gamers to join our elite team of mobile game testers. Get paid to play and test the latest games before they launch. £365 Avg Monthly Pay 5-10 Hours/Week 100% Remote This opportunity is open to users in the UK Position Requirements: Must be 18 years or older Own a smartphone or tablet Able to commit 5-10 hours per week Strong attention to detail Reliable internet connection,41344.23,41344.23,1,5635519854,2026-02-19T02:20:17Z,Remote Game Tester,51.3811,-2.35862,IT Jobs,it-jobs,Babki,"['UK', 'South West England', 'Bath & N E Somerset', 'Bath']","Bath, Bath & N E Somerset",,
https://www.adzuna.co.uk/jobs/land/ad/5635519810?se=fn_QCLNB8RG559CN95vx2w&utm_medium=api&utm_source=ce5ae1a3&v=2E441CF463E690FEFA984D49045B978A3E87E16E,Become a Professional Game Tester We're looking for passionate gamers to join our elite team of mobile game testers. Get paid to play and test the latest games before they launch. £365 Avg Monthly Pay 5-10 Hours/Week 100% Remote This opportunity is open to users in the UK Position Requirements: Must be 18 years or older Own a smartphone or tablet Able to commit 5-10 hours per week Strong attention to detail Reliable internet connection,40884.23,40884.23,1,5635519810,2026-02-19T02:20:17Z,Remote Game Tester,53.143902,-1.1991,IT Jobs,it-jobs,Babki,"['UK', 'East Midlands', 'Nottinghamshire', 'Mansfield']","Mansfield, Nottinghamshire",,
https://www.adzuna.co.uk/jobs/land/ad/5692426972?se=fn_QCLNB8RG559CN95vx2w&utm_medium=api&utm_source=ce5ae1a3&v=5059144E6762A8F63D77FD2F8518432B8BC42B02,"Kickstart Your Career in Ethical Hacking – With Guaranteed Job Opportunities Are you ready to break into one of the fastest-growing industries? Cyber professionals are in high demand worldwide, and Newto Training can help you become one of them. Our Ethical Hacker Career Programme is designed to give you industry-recognised certifications, practical work experience through project work, and the skills employers are looking for. Whether you’re new to IT or looking to transition your skills, we’l…",25000.0,50000.0,0,5692426972,2026-04-07T22:04:10Z,Entry-Level Ethical Hacker,,,IT Jobs,it-jobs,Newto Training,['UK'],UK,full_time,permanent
https://www.adzuna.co.uk/jobs/land/ad/5702474798?se=fn_QCLNB8RG559CN95vx2w&utm_medium=api&utm_source=ce5ae1a3&v=B11DC31F8B02760C501DB72E31399CC692C731D6,"Data Analyst Course Programme – Job Guarantee Included Complete online training designed to take you from zero experience to your first data analyst role. Study part-time, build fundamental skills, and get dedicated job placement support until you're hired. Flexible financing options available, with payment plans starting from as low as £142 per month. The Programme Complete this 10-week online training with just 10-15 hours per week of study time. You'll learn industry-standard tools, includin…",39599.01,39599.01,1,5702474798,2026-04-17T12:13:55Z,Data Analysis Training Program (Wigan),53.544605,-2.630345,IT Jobs,it-jobs,ITonlinelearning Recruitment,"['UK', 'North West England', 'Greater Manchester', 'Wigan', 'Swinley']","Swinley, Wigan",part_time,
https://www.adzuna.co.uk/jobs/land/ad/5709250099?se=fn_QCLNB8RG559CN95vx2w&utm_medium=api&utm_source=ce5ae1a3&v=F0DCB39EA4B685177C1BBCC1B9AA6294373FA8A8,"ABOUT US The Guinness Partnership is one of the leading providers of affordable housing in England. We build and manage homes and provide housing services for nearly 160,000 residents nationwide. Our vision is to deliver great service, provide great homes, to be a great business and to be a great place to work. Because everything we do is about our residents, our communities and our people, any profit we make is re-invested in new and existing homes and improving services. The Guinness Partners…",70000.0,70000.0,0,5709250099,2026-04-24T10:42:55Z,Systems Integration Specialist,53.523803,-2.14039,IT Jobs,it-jobs,Guinness Partnership,"['UK', 'North West England', 'Greater Manchester', 'Oldham', 'Chadderton']","Chadderton, Oldham",full_time,permanent
https://www.adzuna.co.uk/jobs/land/ad/5702476438?se=kquoCbNB8RG60p_fUSdYlA&utm_medium=api&utm_source=ce5ae1a3&v=E6E2E092B435249F3DAB77C69158C9F1F896A492,"Trainee Cyber Security Course Programme – Job Guarantee Included Complete online training designed to take you from zero experience to your first Cyber Security role. Study part-time, build fundamental skills, and get dedicated job placement support until you're hired. Flexible financing options available, with payment plans starting from as low as £142 per month. The Programme Complete this 8-10 week online training with just 2 hours per day of study time. You will learn industry-recognised me…",38412.27,38412.27,1,5702476438,2026-04-17T12:14:06Z,Cyber Security Starter Course (Merton),51.415178,-0.197044,IT Jobs,it-jobs,ITonlinelearning Recruitment,"['UK', 'London', 'South West London', 'Wimbledon']","Wimbledon, South West London",part_time,
https://www.adzuna.co.uk/jobs/land/ad/5701584023?se=kquoCbNB8RG60p_fUSdYlA&utm_medium=api&utm_source=ce5ae1a3&v=FCFDE8B21777EA86A058A64060B67E474E7F1F14,"Advert We have an exciting permanent opportunity to join our friendly and supportive team in the role of Countryside Ranger, within Dams to Darnley Country Park This is an important post, essential to the successful development, management and enjoyment of the country park. You will be part of a small team, responsible for the development and promotion of recreational, outdoor learning, community and volunteering activities and opportunities within the country park, with a focus upon new active…",30001.0,40000.0,0,5701584023,2026-04-16T20:44:01Z,Countryside Ranger - ERN06267,56.026798,-4.63374,IT Jobs,it-jobs,EAST RENFREWSHIRE COUNCIL,"['UK', 'Scotland', 'West Dunbartonshire', 'Alexandria', 'Arden']","Arden, Alexandria",,permanent
https://www.adzuna.co.uk/jobs/land/ad/5702619616?se=kquoCbNB8RG60p_fUSdYlA&utm_medium=api&utm_source=ce5ae1a3&v=A383913D0497250ABD8DCC67FE8849C7F924D5E1,"Exciting opportunity at one of the fastest growing financial services firms around the world. They offer prime brokerage, clearing and financing across traditional and digital assets, and are now looking to hire world-class software engineers to help build on their success. Responsibilities Design, develop and own a generalized system for generating business-critical reports from backend data platform High-impact role: reporting systems handle outputs for all products globally, and are necessar…",70856.31,70856.31,1,5702619616,2026-04-17T14:51:22Z,"Software Engineer, Reporting - London or NYC- Global Prime Brokerage & Financing Platform",51.503378,-0.139134,IT Jobs,it-jobs,Oxford Knight,"['UK', 'London']","London, UK",full_time,
https://www.adzuna.co.uk/jobs/land/ad/5708384339?se=kquoCbNB8RG60p_fUSdYlA&utm_medium=api&utm_source=ce5ae1a3&v=F0C8FCF2E82C4292CBF4378A7C255A909F396AB4,"Adword Job Title: Junior Legal Operations Specialist Location: Remote or London Duration : 06 months About the Role: We are seeking a motivated, passion-driven individual to join our team as a Legal Operations Specialist. In this junior-level role, you will focus on essential daily operational tasks to support the more senior members of our Legal Operations team. If you are eager to learn, have strong attention to detail, and want to help streamline legal workflows, we want to hear from you. Ke…",127400.0,130000.0,0,5708384339,2026-04-23T16:46:24Z,Junior Legal Operations Specialist,,,IT Jobs,it-jobs,Randstad Technologies,"['UK', 'London']","London, UK",,contract
https://www.adzuna.co.uk/jobs/land/ad/5703317315?se=kquoCbNB8RG60p_fUSdYlA&utm_medium=api&utm_source=ce5ae1a3&v=0C24C23EFBD38B7560FAEEADAE06B2C7E123EB9D,"About Man Group Man Group is a global alternative investment management firm focused on pursuing outperformance for sophisticated clients via our Systematic, Discretionary and Solutions offerings. Powered by talent and advanced technology, our single and multi-manager investment strategies are underpinned by deep research and span public and private markets, across all major asset classes, with a significant focus on alternatives. Man Group takes a partnership approach to working with clients, …",81954.94,81954.94,1,5703317315,2026-04-18T05:56:47Z,Quant Engineer - AHL - Man Group plc,51.503378,-0.139134,IT Jobs,it-jobs,Man Group plc,"['UK', 'London']","London, UK",full_time,
https://www.adzuna.co.uk/jobs/land/ad/5698451236?se=kquoCbNB8RG60p_fUSdYlA&utm_medium=api&utm_source=ce5ae1a3&v=5534445D7283A56E112F43D9B832EF7B346EA447,Become a Professional Game Tester We're looking for passionate gamers to join our elite team of mobile game testers. Get paid to play and test the latest games before they launch. £365 Avg Monthly Pay 5-10 Hours/Week 100% Remote This opportunity is open to users in the UK Position Requirements: Must be 18 years or older Own a smartphone or tablet Able to commit 5-10 hours per week Strong attention to detail Reliable internet connection,40609.04,40609.04,1,5698451236,2026-04-13T23:45:46Z,Remote Game Tester,51.6012,-3.3499,IT Jobs,it-jobs,Babki,"['UK', 'Wales', 'Rhondda Cynon Taff', 'Pontypridd']","Pontypridd, Rhondda Cynon Taff",,
https://www.adzuna.co.uk/jobs/land/ad/5678184396?se=kquoCbNB8RG60p_fUSdYlA&utm_medium=api&utm_source=ce5ae1a3&v=0AD223A54295AEF4C1C57F03C35A973A444619ED,Become a Professional Game Tester We're looking for passionate gamers to join our elite team of mobile game testers. Get paid to play and test the latest games before they launch. £365 Avg Monthly Pay 5-10 Hours/Week 100% Remote This opportunity is open to users in the UK Position Requirements: Must be 18 years or older Own a smartphone or tablet Able to commit 5-10 hours per week Strong attention to detail Reliable internet connection,41314.75,41314.75,1,5678184396,2026-03-25T18:23:48Z,Remote Game Tester,52.519299,-1.99987,IT Jobs,it-jobs,Babki,"['UK', 'West Midlands', 'West Bromwich']","West Bromwich, West Midlands",,
https://www.adzuna.co.uk/jobs/land/ad/5702476671?se=kquoCbNB8RG60p_fUSdYlA&utm_medium=api&utm_source=ce5ae1a3&v=F97A3CC6034B8AE7B7B7EAFB934F08F13EB7D12B,"Data Analyst Course Programme – Job Guarantee Included Complete online training designed to take you from zero experience to your first data analyst role. Study part-time, build fundamental skills, and get dedicated job placement support until you're hired. Flexible financing options available, with payment plans starting from as low as £142 per month. The Programme Complete this 10-week online training with just 10-15 hours per week of study time. You'll learn industry-standard tools, includin…",33126.68,33126.68,1,5702476671,2026-04-17T12:14:07Z,Data Analysis Starter Course - Job Guarantee with Professional Portfolio Development (Hastings),50.856038,0.580107,IT Jobs,it-jobs,ITonlinelearning Recruitment,"['UK', 'South East England', 'East Sussex', 'Hastings', 'Westfield']","Westfield, Hastings",part_time,
https://www.adzuna.co.uk/jobs/land/ad/5702474595?se=kquoCbNB8RG60p_fUSdYlA&utm_medium=api&utm_source=ce5ae1a3&v=83720C6207AB5C67FF6B17256E0440F724FAC4F5,"Data Analyst Course Programme – Job Guarantee Included Complete online training designed to take you from zero experience to your first data analyst role. Study part-time, build fundamental skills, and get dedicated job placement support until you're hired. Flexible financing options available, with payment plans starting from as low as £142 per month. The Programme Complete this 10-week online training with just 10-15 hours per week of study time. You'll learn industry-standard tools, includin…",30464.05,30464.05,1,5702474595,2026-04-17T12:13:54Z,Data Analysis Starter Course (Birmingham),52.479441,-1.903574,IT Jobs,it-jobs,ITonlinelearning Recruitment,"['UK', 'West Midlands', 'Birmingham', 'Ladywood']","Ladywood, Birmingham",part_time,
https://www.adzuna.co.uk/jobs/land/ad/5702475977?se=kquoCbNB8RG60p_fUSdYlA&utm_medium=api&utm_source=ce5ae1a3&v=95345436077AC01753AF7B4F54A8C9FBBAC5ECDC,"Trainee Cyber Security Course Programme – Job Guarantee Included Complete online training designed to take you from zero experience to your first Cyber Security role. Study part-time, build fundamental skills, and get dedicated job placement support until you're hired. Flexible financing options available, with payment plans starting from as low as £142 per month. The Programme Complete this 8-10 week online training with just 2 hours per day of study time. You will learn industry-recognised me…",39112.74,39112.74,1,5702475977,2026-04-17T12:14:02Z,Foundational Cyber Security Training & Career Guidance (Brent),51.561972,-0.277303,IT Jobs,it-jobs,ITonlinelearning Recruitment,"['UK', 'London', 'North West London', 'Barn Hill']","Barn Hill, North West London",part_time,
https://www.adzuna.co.uk/jobs/land/ad/5622424236?se=dH4gCrNB8RG559CN95vx2w&utm_medium=api&utm_source=ce5ae1a3&v=D2F2019BEE88EE854BAB425FC84B226C81B4FDA7,"Head of Machine Learning Modeling A global quantitative trading organization built around engineering excellence, scientific thinking, and fully automated trading. Our teams create everything in-house—from the research infrastructure to the algorithms that run live in markets around the world. We trade a wide mix of products, including equities, derivatives, options, commodities, rates, and crypto using both high-frequency and mid-frequency strategies. Our dedicated team members are located acr…",114726.98,114726.98,1,5622424236,2026-02-10T09:26:45Z,Machine Learning Modeling Lead - DTG Capital Markets,51.503378,-0.139134,IT Jobs,it-jobs,DTG Capital Markets,"['UK', 'London']","London, UK",full_time,
https://www.adzuna.co.uk/jobs/land/ad/5702475283?se=dH4gCrNB8RG559CN95vx2w&utm_medium=api&utm_source=ce5ae1a3&v=6C29A86CFB0DD5B96BE41430AFD0D997E810C017,"Trainee Cyber Security Course Programme – Job Guarantee Included Complete online training designed to take you from zero experience to your first Cyber Security role. Study part-time, build fundamental skills, and get dedicated job placement support until you're hired. Flexible financing options available, with payment plans starting from as low as £142 per month. The Programme Complete this 8-10 week online training with just 2 hours per day of study time. You will learn industry-recognised me…",37184.22,37184.22,1,5702475283,2026-04-17T12:13:57Z,Cyber Security Starter Course (Glasgow),,,IT Jobs,it-jobs,ITonlinelearning Recruitment,"['UK', 'Scotland', 'Glasgow']","Glasgow, Scotland",part_time,
https://www.adzuna.co.uk/jobs/land/ad/5699001172?se=dH4gCrNB8RG559CN95vx2w&utm_medium=api&utm_source=ce5ae1a3&v=CE6C7B5466E89343F31AFBF79BD43A321A3D8BA9,"Power Platform Lead Leeds - hybrid (2-3 times a week in office) Permanent Summary We’re seeking an experienced Power Platform Lead to join our ICT team who are mainly based in our Leeds office. Reporting to the Head of Development & Insight, you’ll be responsible for owning, leading and shaping our Microsoft Power Platform capability across the organisation. This role will play a critical part in driving adoption of low-code, automation and AI capabilities, establishing strong governance, and e…",78544.56,78544.56,1,5699001172,2026-04-14T13:03:51Z,Power Platform Lead,53.799599,-1.54912,IT Jobs,it-jobs,NG Bailey,"['UK', 'Yorkshire And The Humber', 'West Yorkshire', 'Leeds']","Leeds, West Yorkshire",full_time,permanent
https://www.adzuna.co.uk/jobs/land/ad/5706701488?se=dH4gCrNB8RG559CN95vx2w&utm_medium=api&utm_source=ce5ae1a3&v=216ACF87B708761B31A7C499DEC753DC489C45BD,"Job Title: Senior Accessibility Consultant Job Description We are looking for an experienced Senior Accessibility Consultant who can provide strong technical expertise and thought leadership in accessibility. The role involves driving accessibility strategies forward, synthesising information, and owning accessibility workstreams to relieve the team of overwhelming workloads. Responsibilities Conduct comprehensive accessibility audits across mobile apps and web platforms. Test on physical devic…",61625.53,61625.53,1,5706701488,2026-04-22T02:54:55Z,Senior Accessibility Consultant,56.79918,-4.254873,IT Jobs,it-jobs,Teksystems,"['UK', 'Scotland']","Scotland, UK",,
https://www.adzuna.co.uk/jobs/land/ad/5702476883?se=dH4gCrNB8RG559CN95vx2w&utm_medium=api&utm_source=ce5ae1a3&v=D0B9CE1B29CC09427822F3E569204B0706C6C46F,"Trainee Cyber Security Course Programme – Job Guarantee Included Complete online training designed to take you from zero experience to your first Cyber Security role. Study part-time, build fundamental skills, and get dedicated job placement support until you're hired. Flexible financing options available, with payment plans starting from as low as £142 per month. The Programme Complete this 8-10 week online training with just 2 hours per day of study time. You will learn industry-recognised me…",39108.49,39108.49,1,5702476883,2026-04-17T12:14:11Z,Cyber Security Starter Course - Job Guarantee for Beginners (Swansea),51.613725,-3.948353,IT Jobs,it-jobs,ITonlinelearning Recruitment,"['UK', 'Wales', 'Swansea', 'Maritime Quarter']","Maritime Quarter, Swansea",part_time,
https://www.adzuna.co.uk/jobs/land/ad/5635519780?se=dH4gCrNB8RG559CN95vx2w&utm_medium=api&utm_source=ce5ae1a3&v=6C278706245E7787C8AC75358550EC42C0253F39,Become a Professional Game Tester We're looking for passionate gamers to join our elite team of mobile game testers. Get paid to play and test the latest games before they launch. £365 Avg Monthly Pay 5-10 Hours/Week 100% Remote This opportunity is open to users in the UK Position Requirements: Must be 18 years or older Own a smartphone or tablet Able to commit 5-10 hours per week Strong attention to detail Reliable internet connection,40764.09,40764.09,1,5635519780,2026-02-19T02:20:16Z,Remote Game Tester,52.192001,-2.22353,IT Jobs,it-jobs,Babki,"['UK', 'West Midlands', 'Worcestershire', 'Worcester']","Worcester, Worcestershire",,
https://www.adzuna.co.uk/jobs/land/ad/5699081835?se=dH4gCrNB8RG559CN95vx2w&utm_medium=api&utm_source=ce5ae1a3&v=C13F1E3B4580E44FE89571CE15EB235FDFC0B1D9,"About BuildStore: BuildStore is the UK’s leading provider of services and products for self-builders, renovators, and home improvers. From funding solutions to project management support, we’re dedicated to helping people create their dream homes. Our success relies on strong digital systems and responsive IT support — and we’re looking for a motivated ICT apprentice to help manage and enhance our technology across the business. About the role: As an IT Apprentice, you’ll play a key role in sup…",19050.0,19050.0,0,5699081835,2026-04-14T16:10:28Z,IT Technician Apprentice,55.897598,-3.51743,IT Jobs,it-jobs,QA Limited,"['UK', 'Scotland', 'West Lothian', 'Livingston']","Livingston, West Lothian",,permanent
https://www.adzuna.co.uk/jobs/land/ad/5706300915?se=dH4gCrNB8RG559CN95vx2w&utm_medium=api&utm_source=ce5ae1a3&v=081B6EFF8B54E78C89B02B8BB19AB55F80AC54C7,"£55000 - 80000 GBP Bonus Scheme, Pension, Hybrid  Flexible Working Hybrid WORKING Location: Central London, Greater London - United Kingdom Type: Permanent Senior Product Manager London Full Time - up to £80,000  benefits A leading digital services client that supports both public and private sector projects to deliver the best experiences for users is hiring for a Senior User Researcher UK-Wide. If you have experience in this field this role could be the role for you! What You'll have the Oppo…",99710.95,99710.95,1,5706300915,2026-04-21T18:49:53Z,Senior Product Manager,51.503378,-0.139134,IT Jobs,it-jobs,Anson McCade,"['UK', 'London']","London, UK",full_time,permanent
https://www.adzuna.co.uk/jobs/land/ad/5702476892?se=dH4gCrNB8RG559CN95vx2w&utm_medium=api&utm_source=ce5ae1a3&v=3D57A24B532D25D557A40334257727C993481EA6,"Trainee Cyber Security Course Programme – Job Guarantee Included Complete online training designed to take you from zero experience to your first Cyber Security role. Study part-time, build fundamental skills, and get dedicated job placement support until you're hired. Flexible financing options available, with payment plans starting from as low as £142 per month. The Programme Complete this 8-10 week online training with just 2 hours per day of study time. You will learn industry-recognised me…",42974.48,42974.48,1,5702476892,2026-04-17T12:14:11Z,Cyber Defence Beginner Course (Derby),52.923456,-1.474217,IT Jobs,it-jobs,ITonlinelearning Recruitment,"['UK', 'East Midlands', 'Derbyshire', 'Derby', 'Pride Park']","Pride Park, Derby",part_time,
https://www.adzuna.co.uk/jobs/land/ad/5702476923?se=dH4gCrNB8RG559CN95vx2w&utm_medium=api&utm_source=ce5ae1a3&v=0242F3EEA4409276883000DAF08AA4148244ED22,"Trainee Cyber Security Course Programme – Job Guarantee Included Complete online training designed to take you from zero experience to your first Cyber Security role. Study part-time, build fundamental skills, and get dedicated job placement support until you're hired. Flexible financing options available, with payment plans starting from as low as £142 per month. The Programme Complete this 8-10 week online training with just 2 hours per day of study time. You will learn industry-recognised me…",42173.67,42173.67,1,5702476923,2026-04-17T12:14:12Z,Cyber Security Fundamentals Training Program (Crawley),51.117012,-0.184156,IT Jobs,it-jobs,ITonlinelearning Recruitment,"['UK', 'South East England', 'West Sussex', 'Crawley', 'Lowfield Heath']","Lowfield Heath, Crawley",part_time,
https://www.adzuna.co.uk/jobs/land/ad/5702475023?se=Yue0CrNB8RGtTOojiaELgw&utm_medium=api&utm_source=ce5ae1a3&v=36341F7AF05B20C451A2BDB987F54842A428B50D,"Trainee Business Analyst Programme – Job Guarantee Included Complete online training designed to take you from zero experience to your first Business Analyst role. Study part-time, build fundamental skills, and get dedicated job placement support until you're hired. Flexible financing options available, with payment plans starting from as low as £142 per month. The Programme Complete this 8-10 week online training with just 2 hours per day of study time. You will learn industry-recognised metho…",36457.88,36457.88,1,5702475023,2026-04-17T12:13:56Z,Business Analyst Starter Course - Job Guarantee Included (High Wycombe),51.62796,-0.749789,IT Jobs,it-jobs,ITonlinelearning Recruitment,"['UK', 'South East England', 'Buckinghamshire', 'High Wycombe', 'Hughenden']","Hughenden, High Wycombe",part_time,
https://www.adzuna.co.uk/jobs/land/ad/5671820882?se=Yue0CrNB8RGtTOojiaELgw&utm_medium=api&utm_source=ce5ae1a3&v=4851B659D169B91FB9F1821229656191B92D243E,Role: Principal Technical Architect Duration: 6 months Location: Hemel Hempstead (full time onsite) Clearance: DV Rate: £700 - £750 per day inside IR35 Key Responsibilities: Providing technical leadership Providing fully traceability for contracted requirements and ensuring the solution is fit for service Managing the technical leads within each separate workstreams Providing advice and guidance to development teams as they go about designing and engineering the new solutions Bridging the gap b…,182000.0,195000.0,0,5671820882,2026-03-19T10:57:09Z,DV Cleared Principal Technical Architect,,,IT Jobs,it-jobs,Sanderson Government and Defence,"['UK', 'Eastern England', 'Hertfordshire', 'Hemel Hempstead']","Hemel Hempstead, Hertfordshire",full_time,contract
https://www.adzuna.co.uk/jobs/land/ad/5702476054?se=Yue0CrNB8RGtTOojiaELgw&utm_medium=api&utm_source=ce5ae1a3&v=E237BA6A68856633B7F8A4DBF97F0FCAF5517777,"Trainee Business Analyst Programme – Job Guarantee Included Complete online training designed to take you from zero experience to your first Business Analyst role. Study part-time, build fundamental skills, and get dedicated job placement support until you're hired. Flexible financing options available, with payment plans starting from as low as £142 per month. The Programme Complete this 8-10 week online training with just 2 hours per day of study time. You will learn industry-recognised metho…",32847.3,32847.3,1,5702476054,2026-04-17T12:14:03Z,Business Analyst Starter Course (Liverpool),53.40715,-2.991803,IT Jobs,it-jobs,ITonlinelearning Recruitment,"['UK', 'North West England', 'Merseyside', 'Liverpool', 'Low Hill']","Low Hill, Liverpool",part_time,
https://www.adzuna.co.uk/jobs/land/ad/5702476924?se=Yue0CrNB8RGtTOojiaELgw&utm_medium=api&utm_source=ce5ae1a3&v=A33AF356FC39653BB903F545596ED8929D24706A,"Trainee Cyber Security Course Programme – Job Guarantee Included Complete online training designed to take you from zero experience to your first Cyber Security role. Study part-time, build fundamental skills, and get dedicated job placement support until you're hired. Flexible financing options available, with payment plans starting from as low as £142 per month. The Programme Complete this 8-10 week online training with just 2 hours per day of study time. You will learn industry-recognised me…",33613.14,33613.14,1,5702476924,2026-04-17T12:14:12Z,Cyber Security Starter Course - Guaranteed Job Placement upon Completion (Kingston Upon Thames),51.407827,-0.306467,IT Jobs,it-jobs,ITonlinelearning Recruitment,"['UK', 'London', 'South West London', 'Kingston Upon Thames', 'Hampton Wick']","Hampton Wick, Kingston Upon Thames",part_time,
https://www.adzuna.co.uk/jobs/land/ad/5689853982?se=Yue0CrNB8RGtTOojiaELgw&utm_medium=api&utm_source=ce5ae1a3&v=BE56681EB0179995765A6EA385305541E6A99AB4,"Radio Engineer. Major Manufacturer of Radio Systems. Salary £45-55K Basic  Car/Car Allowance  Benefits. The Company Being a global major communications manufacturer, specialising in the design, supply, installation, commissioning and maintenance of wireless voice and data networks. Our client has one of the largest dedicated radio engineering team in the UK to service the EMEA region. Each of their staff member is trained to the highest standard and provided with the latest DMR and Tetra test s…",55000.0,55000.0,0,5689853982,2026-04-04T13:28:13Z,Radio Systems Engineer,52.273601,-0.007102,IT Jobs,it-jobs,The Venari Limited,"['UK', 'Eastern England', 'Cambridgeshire', 'Cambridge', 'Lolworth']","Lolworth, Cambridge",,permanent
https://www.adzuna.co.uk/jobs/land/ad/5702475534?se=Yue0CrNB8RGtTOojiaELgw&utm_medium=api&utm_source=ce5ae1a3&v=596F7660BF700FD87F39B14943638CD1556C17BE,"Trainee Business Analyst Programme – Job Guarantee Included Complete online training designed to take you from zero experience to your first Business Analyst role. Study part-time, build fundamental skills, and get dedicated job placement support until you're hired. Flexible financing options available, with payment plans starting from as low as £142 per month. The Programme Complete this 8-10 week online training with just 2 hours per day of study time. You will learn industry-recognised metho…",34185.41,34185.41,1,5702475534,2026-04-17T12:14:00Z,Business Analyst Starter Course (Blackpool),53.818787,-3.051658,IT Jobs,it-jobs,ITonlinelearning Recruitment,"['UK', 'North West England', 'Lancashire', 'Blackpool', 'Blackpool Airport']","Blackpool Airport, Blackpool",part_time,
https://www.adzuna.co.uk/jobs/land/ad/5702475471?se=Yue0CrNB8RGtTOojiaELgw&utm_medium=api&utm_source=ce5ae1a3&v=A9B61BB40DFA844436F72DFB55D0B8D3AF778EC2,"Trainee Business Analyst Programme – Job Guarantee Included Complete online training designed to take you from zero experience to your first Business Analyst role. Study part-time, build fundamental skills, and get dedicated job placement support until you're hired. Flexible financing options available, with payment plans starting from as low as £142 per month. The Programme Complete this 8-10 week online training with just 2 hours per day of study time. You will learn industry-recognised metho…",40724.45,40724.45,1,5702475471,2026-04-17T12:13:59Z,Entry-Level Business Analyst Training (Sheffield),53.380376,-1.469811,IT Jobs,it-jobs,ITonlinelearning Recruitment,"['UK', 'Yorkshire And The Humber', 'South Yorkshire', 'Sheffield', 'Norton']","Norton, Sheffield",part_time,
https://www.adzuna.co.uk/jobs/land/ad/5708196510?se=Yue0CrNB8RGtTOojiaELgw&utm_medium=api&utm_source=ce5ae1a3&v=D88C3061BA45231A9B199187C387E017EB42B9A1,"ABOUT US: LSEG (London Stock Exchange Group) is more than a diversified global financial markets infrastructure and data business. We are dedicated, open-access partners with a dedication to excellence in delivering the services our customers expect from us. With extensive experience, deep knowledge and worldwide presence across financial markets, we enable businesses and economies around the world to fund innovation, manage risk and create jobs. It's how we've contributed to supporting the fin…",46522.8,46522.8,1,5708196510,2026-04-23T12:20:16Z,Senior Delivery Manager - London Stock Exchange Group,51.503378,-0.139134,IT Jobs,it-jobs,London Stock Exchange Group,"['UK', 'London']","London, UK",full_time,
https://www.adzuna.co.uk/jobs/land/ad/5701274891?se=Yue0CrNB8RGtTOojiaELgw&utm_medium=api&utm_source=ce5ae1a3&v=F366B76A249FF8F65E7D67EC47F2BE5CCD068DF4,"Software Team Lead Salary Range : £55,000 - £65,000 pa Location : Hybrid, based in Bristol Join us at Smartbox as a Software Team Lead ! Are you a passionate Software Team Lead looking to make a real impact by giving a voice to those without speech Smartbox is looking for a dedicated individual like you to join our team and contribute to enhancing the lives of people with disabilities. Your Impact As our Software Team Lead, you will: Leading and mentoring a team of Software Engineers and QA Spe…",65000.0,65000.0,0,5701274891,2026-04-16T10:33:25Z,Software Team Lead,51.455299,-2.5919,IT Jobs,it-jobs,Smartbox Assistive Technology,"['UK', 'South West England', 'Bristol']","Bristol, South West England",,permanent
https://www.adzuna.co.uk/jobs/land/ad/5697217129?se=Yue0CrNB8RGtTOojiaELgw&utm_medium=api&utm_source=ce5ae1a3&v=70EEBEDB240FC0B361ACEA1AD2590455D6CD6F7D,"Senior QA Analyst & Automation Engineer London – Hybrid (2 days a month in office with paid for travel) We’re working with a fast-growing software company entering an exciting new phase of expansion following recent investment. They’re now looking for a Senior QA Analyst & Automation Engineer to take a leading role in shaping their testing strategy and automation capability. This is a highly technical role, ideal for someone who enjoys working close to engineering, building frameworks from scra…",63223.9,63223.9,1,5697217129,2026-04-12T04:09:27Z,Senior QA Analyst and Automation Engineer,,,IT Jobs,it-jobs,Orla Rose Associates,"['UK', 'London', 'Central London', 'The City']","The City, Central London",,
https://www.adzuna.co.uk/jobs/land/ad/5677837181?se=VKsmC7NB8RGtTOojiaELgw&utm_medium=api&utm_source=ce5ae1a3&v=1DDE13E368EDE937EC3C11CEE13A3C9B88DD1B79,"At Orange Logic, we’ve been solving complex content challenges for over two decades—driven by innovation, curiosity, and a passion for impact, our intelligent Digital Asset Management (DAM) system, Orange Logic Platform, empowers organizations across industries to manage, access, and leverage their digital assets more effectively. We’re not just building powerful software—we’re building a team of bold thinkers, collaborators, and problem-solvers who care deeply about delivering real value. The …",53938.38,53938.38,1,5677837181,2026-03-25T07:29:47Z,Software Architect (Remote in UK),,,IT Jobs,it-jobs,Orange Logic,"['UK', 'London', 'Central London', 'The City']","The City, Central London",,
https://www.adzuna.co.uk/jobs/land/ad/5704595447?se=VKsmC7NB8RGtTOojiaELgw&utm_medium=api&utm_source=ce5ae1a3&v=89D2329E5B4CB334FE0E7B7A6B48F4443E2F7A9A,"IWS Workload Scheduling Engineer (Contract) Location: Remote / Hybrid (UK & Europe) Engagement: Contract (Inside/Outside IR35 depending on setup) Domain: IBM Z Workload Automation Skills Focus: IWS (TWS/OPC), z/OS batch scheduling, CA7 desirable Role Summary We are seeking an experienced IBM Workload Scheduler (IWS/TWS/OPC) contractor to support, enhance, and maintain enterprise‑scale batch scheduling across a complex z/OS environment. The ideal contractor will have deep experience with IWS sch…",49365.02,49365.02,1,5704595447,2026-04-19T16:46:33Z,IWS Workload Scheduling Engineer,,,IT Jobs,it-jobs,Vertali,['UK'],UK,,contract
https://www.adzuna.co.uk/jobs/land/ad/5672732925?se=VKsmC7NB8RGtTOojiaELgw&utm_medium=api&utm_source=ce5ae1a3&v=DFDC904A6050E8CE8DA19E0CFA35DC999588065B,"The Client Our client is a highly regarded discretionary investment manager with a strong focus on data‑driven decision making. They operate with a small, agile structure and are recognised for their commitment to excellence in trading and technology. Their in‑house technology function spans IT infrastructure, software development, and quantitative analysis, supporting all aspects of market data processing and trading activity. The environment is fast‑paced, collaborative, and highly technical,…",88704.38,88704.38,1,5672732925,2026-03-20T03:56:35Z,Senior C# Developer - Head of Core Platform | Hedge Fund | London,51.503378,-0.139134,IT Jobs,it-jobs,Undisclosed,"['UK', 'London']","London, UK",,
https://www.adzuna.co.uk/jobs/land/ad/5703680536?se=VKsmC7NB8RGtTOojiaELgw&utm_medium=api&utm_source=ce5ae1a3&v=739928624717410D5566C5C83F647F14DF1E6ED9,"Senior User Researcher £55000-64000 GBP Bonus Scheme, Pension, Hybrid  Flexible Working Hybrid WORKING Location: Leeds, Yorkshire and the Humber - United Kingdom Type: Permanent Senior User Researcher Leeds Full Time - up to £64,000  benefits A leading digital services client that supports both public and private sector projects to deliver the best experiences for users is hiring for a Senior User Researcher UK-Wide. If you have experience in this field this role could be the role for you! What…",58584.57,58584.57,1,5703680536,2026-04-18T14:35:54Z,Senior User Researcher,53.795685,-1.54426,IT Jobs,it-jobs,Anson Mccade,"['UK', 'Yorkshire And The Humber', 'West Yorkshire', 'Leeds', 'Holbeck']","Holbeck, Leeds",full_time,permanent
https://www.adzuna.co.uk/jobs/land/ad/5693192442?se=VKsmC7NB8RGtTOojiaELgw&utm_medium=api&utm_source=ce5ae1a3&v=ED7851FBED0E05E177BCAE45207885A09B45FA5A,"Location: London, UK Top Quant fund an experienced Engineering Manager / Tech Lead Manager to head a small, high-performing team focused on core ML infrastructure - distributed model training, LLM hosting/fine-tuning, and scalable deployment systems. You'll own technical direction, lead 6-7 experienced engineers, and drive the integration of advanced ML capabilities into real-world, high-stakes systems. This is a hands-on leadership role within a deeply technical environment. Short interview pr…",71753.38,71753.38,1,5693192442,2026-04-08T14:11:00Z,Software Engineering Manager - Machine Learning- Systematic Quant Fund,51.503378,-0.139134,IT Jobs,it-jobs,Oxford Knight,"['UK', 'London']","London, UK",full_time,
https://www.adzuna.co.uk/jobs/land/ad/5689922361?se=VKsmC7NB8RGtTOojiaELgw&utm_medium=api&utm_source=ce5ae1a3&v=906227255CD6353CCD6DD47764B2B2AC25E1AEA2,"Lead .NET/Full Stack Developer - Hybrid - £700/day Outside IR35 | C# | Azure | Event Driven Systems | Payments | API Driven We have a unique opportunity for a Lead .NET/Full Stack Developer to join a payments company. As the Lead .NET/Full Stack Developer , you’ll play a key role in shaping and scaling a high-throughput payments platform as the business enters its next phase of growth. This includes launching new products, enabling new partner integrations, and expanding a platform that already…",92262.06,92262.06,1,5689922361,2026-04-04T16:44:58Z,Lead .NET/Full Stack Developer - Hybrid - Up to £700/day Outside IR35 | C# | Azure | Event Driven Systems | Payments | API Driven,,,IT Jobs,it-jobs,VirtueTech Recruitment Group,"['UK', 'London', 'Central London', 'The City']","The City, Central London",,contract
https://www.adzuna.co.uk/jobs/land/ad/5685902814?se=VKsmC7NB8RGtTOojiaELgw&utm_medium=api&utm_source=ce5ae1a3&v=643E14DF936710547D820BA0AD7990CA13FF8551,"A leading high-frequency trading firm is launching a new London office and is seeking an experienced buy-side trader to play a key role in establishing and scaling its European trading presence. This is a front-office, hands-on trading role with direct ownership of risk and P&L, offering significant autonomy within a well-capitalised, technology-driven platform. The Role Run and grow a profitable trading book within a high-frequency or low-latency environment Trade Delta-1 products, ETFs, futur…",53191.65,53191.65,1,5685902814,2026-04-01T19:26:18Z,Senior HFT Trader – London,51.503378,-0.139134,IT Jobs,it-jobs,Eka Finance,"['UK', 'London']","London, UK",full_time,
https://www.adzuna.co.uk/jobs/land/ad/5674177951?se=VKsmC7NB8RGtTOojiaELgw&utm_medium=api&utm_source=ce5ae1a3&v=7F318B3C8C921FBDD2BD3011EDBBB476FE18ADD7,"LRL are recruiting for 1x Cost Manager based in Warrington working within the Utilities Industry. (37 hours a week) Requirements: Typically 5 years relevant experience, with a degree or professional qualification (e.g. APM), and strong experience in project controls/programme delivery on large, complex projects. Good interpersonal skills to build and manage relationships across functions. Strong technical knowledge of project controls and budget management systems (e.g. SAP and other cost syste…",62400.0,83200.0,0,5674177951,2026-03-21T11:02:22Z,Cost Manager,53.402482,-2.667619,IT Jobs,it-jobs,Linkit Recruitment Limited,"['UK', 'North West England', 'Cheshire', 'Warrington', 'Penketh']","Penketh, Warrington",,contract
https://www.adzuna.co.uk/jobs/land/ad/5704597113?se=VKsmC7NB8RGtTOojiaELgw&utm_medium=api&utm_source=ce5ae1a3&v=D987A9C17B0CB52A53F0681169D0069C9593611F,"About The Role Team – UK Health, Adviser & Employer Engineering Working Pattern - Hybrid – 2 days per week in the Vitality London, Bournemouth or Stockport Office - Full time hours We are happy to discuss flexible working! Top 3 skills needed for this role: AI‑Augmented Engineering Leadership Enterprise‑Scale Software Architecture Engineering Governance in Regulated Environments What this role is all about: Our Software Engineers play a critical role in Vitality’s successful business model by b…",65839.02,65839.02,1,5704597113,2026-04-19T16:49:02Z,Principal Software Engineer,,,IT Jobs,it-jobs,Vitality,"['UK', 'London', 'Central London', 'The City']","The City, Central London",full_time,
https://www.adzuna.co.uk/jobs/land/ad/5688777164?se=VKsmC7NB8RGtTOojiaELgw&utm_medium=api&utm_source=ce5ae1a3&v=BBD2E40EDDE0A01BF72FD6DF716C93014375DEDA,"My client is an award-winning multi-strategy hedge fund and Fixed Income Macro (FIM) is one of their major lines of business. They deploy capital in the developed interest-rate & currency markets - focusing on liquid products - including nominal and inflation-protected government bonds, interest-rate swaps, futures, options, and agency mortgage-backed securities. Strategies are primarily concentrated in the US, European and Sterling markets, combining macroeconomic analysis, quantitative modeli…",59192.5,59192.5,1,5688777164,2026-04-03T15:54:36Z,Full Stack Software Engineer- World-Leading Multi-Strategy Hedge Fund,51.503378,-0.139134,IT Jobs,it-jobs,Oxford Knight,"['UK', 'London']","London, UK",full_time,
https://www.adzuna.co.uk/jobs/land/ad/5702475964?se=XLOJC7NB8RG60p_fUSdYlA&utm_medium=api&utm_source=ce5ae1a3&v=86BD1E6DEC716BAC324F281DC7B322F2921BC275,"Trainee Cyber Security Course Programme – Job Guarantee Included Complete online training designed to take you from zero experience to your first Cyber Security role. Study part-time, build fundamental skills, and get dedicated job placement support until you're hired. Flexible financing options available, with payment plans starting from as low as £142 per month. The Programme Complete this 8-10 week online training with just 2 hours per day of study time. You will learn industry-recognised me…",40576.48,40576.48,1,5702475964,2026-04-17T12:14:02Z,Foundation Cyber Security Programme with Certification (Leicester),52.633577,-1.13299,IT Jobs,it-jobs,ITonlinelearning Recruitment,"['UK', 'East Midlands', 'Leicestershire', 'Leicester', 'Belgrave']","Belgrave, Leicester",part_time,
https://www.adzuna.co.uk/jobs/land/ad/5708331026?se=XLOJC7NB8RG60p_fUSdYlA&utm_medium=api&utm_source=ce5ae1a3&v=091A3B06D66469540D3321DB79268B78757BB874,"Senior Software Engineer | Remote | £60,000 - £70,000 | C# | .Net | React | Azure | Microservices | .NetCore | .Net Developer | Full stack Developer | Opus have exclusively partnered with a brilliant Saas company that harness technology to build Software within the Proptech industry. They’re currently looking for a Senior Developer to come on board and work across greenfield projects and adding new functionality to existing systems. As a Senior Developer you will be part of a Development team o…",68543.92,68543.92,1,5708331026,2026-04-23T13:50:57Z,"Senior Software Engineer | Remote | £60,000 - £70,000 |",53.383801,-2.3547,IT Jobs,it-jobs,Opus Recruitment Solutions,"['UK', 'North West England', 'Greater Manchester', 'Altrincham']","Altrincham, Greater Manchester",,
https://www.adzuna.co.uk/jobs/land/ad/5709977819?se=XLOJC7NB8RG60p_fUSdYlA&utm_medium=api&utm_source=ce5ae1a3&v=DB40185D4EF37EE89BE270F8EC2AF3E539AB29A2,"Senior RF/mmWave Design Engineer  County Durham (On-site)  Up to £80,000  benefits  Visa sponsorship available A leading RF and microwave technology business is seeking a Senior RF/mmWave Design Engineer to join its growing engineering team in County Durham. This is a hands-on role working across the full product lifecycle, from concept through to production, supporting advanced telecommunications and defence applications. The Role You’ll take ownership of RF/mmWave design activities, deliverin…",48028.31,48028.31,1,5709977819,2026-04-25T04:05:48Z,Senior RF/mmWave Design Engineer,54.714998,-1.651924,IT Jobs,it-jobs,Octagon Group,"['UK', 'North East England', 'County Durham']","County Durham, North East England",,
https://www.adzuna.co.uk/jobs/land/ad/5701121789?se=XLOJC7NB8RG60p_fUSdYlA&utm_medium=api&utm_source=ce5ae1a3&v=2A9BFD57D512E5ED296CF80A019D68D3EB801FBA,"Senior Design Verification Engineer - CPU / SoC We are currently partnered with an industry leading semiconductor giant in the UK looking to expand their team with an experienced Design Verification Engineer to join a high caliber team of engineers working on high-performance CPUs and SoC validation. In this role, you will work closely with Architects to prove the correctness of complex micro-architectures before they reach the hands of millions of global users. This is a permanent position bas…",87010.58,87010.58,1,5701121789,2026-04-16T07:00:04Z,Senior Design Verification Engineer - CPU / SoC,52.202499,0.131237,IT Jobs,it-jobs,European Tech Recruit,"['UK', 'Eastern England', 'Cambridgeshire', 'Cambridge']","Cambridge, Cambridgeshire",,permanent
https://www.adzuna.co.uk/jobs/land/ad/5702476432?se=XLOJC7NB8RG60p_fUSdYlA&utm_medium=api&utm_source=ce5ae1a3&v=8BCFEF998FBD5D59FBA8151CC9DC45C77892A5E0,"Trainee Cyber Security Course Programme – Job Guarantee Included Complete online training designed to take you from zero experience to your first Cyber Security role. Study part-time, build fundamental skills, and get dedicated job placement support until you're hired. Flexible financing options available, with payment plans starting from as low as £142 per month. The Programme Complete this 8-10 week online training with just 2 hours per day of study time. You will learn industry-recognised me…",33719.38,33719.38,1,5702476432,2026-04-17T12:14:06Z,Cyber Security Starter Course - Job Placement Guarantee Included (Archway),51.573531,-0.140839,IT Jobs,it-jobs,ITonlinelearning Recruitment,"['UK', 'London', 'North London', 'Archway']","Archway, North London",part_time,
https://www.adzuna.co.uk/jobs/land/ad/5708382957?se=XLOJC7NB8RG60p_fUSdYlA&utm_medium=api&utm_source=ce5ae1a3&v=E9EF6B35FCF217A9E65DA44A58A7C947D622DD7E,"We’re working with a well-established and growing organisation to recruit a Business Systems professional to join their Business Systems team. This is a key role focused on ensuring the stability, performance, and continuous improvement of core business systems and ERP environments. This is an excellent opportunity for someone who enjoys a blend of analysis, development, and support, and is confident working across stakeholders in a fast-paced environment. Key Responsibilities: Diagnose and res…",42418.88,42418.88,1,5708382957,2026-04-23T16:32:37Z,Business Systems Analyst,57.147499,-2.0954,IT Jobs,it-jobs,FT Recruitment Group,"['UK', 'Scotland', 'Aberdeenshire', 'Aberdeen']","Aberdeen, Aberdeenshire",,
https://www.adzuna.co.uk/jobs/land/ad/5697216285?se=XLOJC7NB8RG60p_fUSdYlA&utm_medium=api&utm_source=ce5ae1a3&v=5C7A93D5B439826B8C581B297457E4B80E4FFD30,"Job Title: Programme Test Manager (SC Cleared) Day Rate: £500 - £600 per day (Inside IR35) Contract Duration: 6 months Location: Mostly Remote (Corsham 1 day every 2 weeks  occasional London travel) Clearance: Active SC Clearance required Overview We are seeking an experienced Programme Test Manager to join a high-profile public sector programme that is already underway. This is an urgent requirement offering an immediate start, where you will play a key role in driving test strategy, governanc…",69024.82,69024.82,1,5697216285,2026-04-12T04:09:11Z,Program Test Manager,51.431,-2.18579,IT Jobs,it-jobs,Primis,"['UK', 'South West England', 'Wiltshire', 'Corsham']","Corsham, Wiltshire",,contract
https://www.adzuna.co.uk/jobs/land/ad/5700242823?se=XLOJC7NB8RG60p_fUSdYlA&utm_medium=api&utm_source=ce5ae1a3&v=4962257B5004AE25BAA6E8D3854123D59A0AF455,"ABOUT US: LSEG (London Stock Exchange Group) is more than a diversified global financial markets infrastructure and data business. We are dedicated, open-access partners with a dedication to excellence in delivering the services our customers expect from us. With extensive experience, deep knowledge and worldwide presence across financial markets, we enable businesses and economies around the world to fund innovation, manage risk and create jobs. It's how we've contributed to supporting the fin…",50823.49,50823.49,1,5700242823,2026-04-15T14:35:08Z,Lead Engineer - Connectivity LAN - London Stock Exchange Group,51.503378,-0.139134,IT Jobs,it-jobs,London Stock Exchange Group,"['UK', 'London']","London, UK",full_time,
https://www.adzuna.co.uk/jobs/land/ad/5707841944?se=XLOJC7NB8RG60p_fUSdYlA&utm_medium=api&utm_source=ce5ae1a3&v=214D06D77AD3576BC995F01DFB1AED6FAE580B7D,"Are you a Senior Software Engineer looking for an interesting job opportunity? Our client, TKMS ATLAS UK, are seeking a Senior Software Engineer with skills in Java to work on the development of marine-based autonomous systems. This job will be based out of TKMS ATLAS UK's headquarters in Winfrith, Dorset. This position will need weekly on-site working, around 3 / 4 days on-site per week. Required Knowledge, skills and qualities • Proven ability to support software delivery • Educated to Degree…",67722.88,67722.88,1,5707841944,2026-04-23T03:08:16Z,Senior Software Engineer,50.681856,-2.256535,IT Jobs,it-jobs,Morson Edge,"['UK', 'South West England', 'Dorset', 'Dorchester', 'East Knighton']","East Knighton, Dorchester",,permanent
https://www.adzuna.co.uk/jobs/land/ad/5709502736?se=XLOJC7NB8RG60p_fUSdYlA&utm_medium=api&utm_source=ce5ae1a3&v=D5EA0B7E3E6B8096BE086FA18C8965D5E162B94C,"Launch Your Cyber Security Career – Job Guaranteed! Cyber attacks are rising, and companies need skilled professionals now more than ever. With Newto Training’s Cyber Security Career Programme, you’ll gain 4 top certifications (Azure Fundamentals, CompTIA Security, CompTIA CySA, Forescout FSCA) plus real-world project work that doubles as hands-on experience. 100 hours of live training Practical skills in troubleshooting, networking (Cisco), Azure cloud, Splunk SIEM & Tenable vulnerability mana…",10000.0,50000.0,0,5709502736,2026-04-24T19:47:41Z,Junior Cyber Security Engineer,,,IT Jobs,it-jobs,Newto Training,['UK'],UK,full_time,permanent
https://www.adzuna.co.uk/jobs/land/ad/5695034074?se=LCLcC7NB8RGtTOojiaELgw&utm_medium=api&utm_source=ce5ae1a3&v=F2CC818D96CE23874611C0B55A2EA165799BCA15,"We have a current opportunity for a Head of Azure Platform Security on a permanent basis. The position will be based in London. For further information about this position please apply. ETrading client operates infrastructure that is genuinely critical - trading systems processing billions in daily notional value, client-facing platforms serving institutional counterparties, and cloud environments holding sensitive market and counterparty data. This role is for a cloud security architect who ha…",115164.15,115164.15,1,5695034074,2026-04-10T01:27:47Z,Head of Azure Platform Security - Huxley,51.503378,-0.139134,IT Jobs,it-jobs,Huxley,"['UK', 'London']","London, UK",full_time,permanent
https://www.adzuna.co.uk/jobs/land/ad/5697215558?se=LCLcC7NB8RGtTOojiaELgw&utm_medium=api&utm_source=ce5ae1a3&v=07539CD09D9319BB9219B21C95E5F3B703C413DB,"Audio Visual Field Service Engineer (residential) - I am now looking for an AV experience residential service engineer with either a good residential audio visual background (4 years) to take on av projects and systems that have been integrated into millionaires and billionaires homes, apartments, penthouses and beyond. This role is with a residential home automation company who have consistently delivered to the highest standards. This role will be a mix of preventative service check / updates…",44036.49,44036.49,1,5697215558,2026-04-12T04:08:57Z,Audio Visual Field Service Engineer (residential),,,IT Jobs,it-jobs,Auxo Talent,"['UK', 'London', 'Central London', 'The City']","The City, Central London",,
https://www.adzuna.co.uk/jobs/land/ad/5702476894?se=LCLcC7NB8RGtTOojiaELgw&utm_medium=api&utm_source=ce5ae1a3&v=C95A1C5332B967E567A1ADC61D5C4814CB207FB2,"Trainee Cyber Security Course Programme – Job Guarantee Included Complete online training designed to take you from zero experience to your first Cyber Security role. Study part-time, build fundamental skills, and get dedicated job placement support until you're hired. Flexible financing options available, with payment plans starting from as low as £142 per month. The Programme Complete this 8-10 week online training with just 2 hours per day of study time. You will learn industry-recognised me…",37383.12,37383.12,1,5702476894,2026-04-17T12:14:11Z,Cyber Security Starter Course - Guaranteed Job Placement (Harrow),51.589039,-0.333993,IT Jobs,it-jobs,ITonlinelearning Recruitment,"['UK', 'London', 'Harrow', 'Wealdstone']","Wealdstone, Harrow",part_time,
https://www.adzuna.co.uk/jobs/land/ad/5694478699?se=LCLcC7NB8RGtTOojiaELgw&utm_medium=api&utm_source=ce5ae1a3&v=26567DE199BFCD7F61716090E25596F59BC6779F,"Discover your future at Citi Working at Citi is far more than just a job. A career with us means joining a team of more than 230,000 dedicated people from around the globe. At Citi, you'll have the opportunity to grow your career, give back to your community and make a real impact. Job Overview Engineer the future of global finance. At Citi, our Tech team doesn't just support finance - we are helping to redefine it. Every day, $5 trillion crosses through our network. We do business in 180 count…",73626.65,73626.65,1,5694478699,2026-04-09T14:14:42Z,Risk and Controls Officer (Artificial Intelligence) - VP - Citi,51.503378,-0.139134,IT Jobs,it-jobs,Citi,"['UK', 'London']","London, UK",full_time,
https://www.adzuna.co.uk/jobs/land/ad/5704597077?se=LCLcC7NB8RGtTOojiaELgw&utm_medium=api&utm_source=ce5ae1a3&v=9D62847A616D0163BFA6D4F8B9A11DBF5B56C0BC,"Salesforce Engineer Remote - need to be based in the UK or Ireland up to £50k  4% bonus No visa sponsorship offered The Role: We're looking for a Salesforce Engineer who goes well beyond clicks and configuration. You'll be embedded in a small Enterprise Systems team, developing across Sales, Service and Community Cloud - writing Apex, building Lightning components, designing flows, and owning work from first requirement to live release. What You'll Be Doing: Build and maintain robust Salesforce…",58361.46,58361.46,1,5704597077,2026-04-19T16:48:59Z,Salesforce Engineer,,,IT Jobs,it-jobs,Primis,"['UK', 'Eastern England']","Eastern England, UK",,
https://www.adzuna.co.uk/jobs/land/ad/5709975905?se=LCLcC7NB8RGtTOojiaELgw&utm_medium=api&utm_source=ce5ae1a3&v=D1A77618EE7B81F72D9EFA0060B9B62D6B82CCE4,"Job Title: AWS SRE Engineer Location: Glasgow,UK Duration : 12 Months Work Type: On-site Project: Glasgow Bournemouth Delivery Unit Overview: TekWissen Group is a workforce management provider throughout the UK, Europe and many other countries in the world. The client below is a global professional services company with leading capabilities in digital, cloud, and security. Combining unmatched experience and specialized skills across more than 40 industries Role Overview We are seeking an experi…",42883.18,42883.18,1,5709975905,2026-04-25T04:05:22Z,AWS SRE Engineer,,,IT Jobs,it-jobs,TekWissen ®,"['UK', 'Scotland', 'Glasgow']","Glasgow, Scotland",,
https://www.adzuna.co.uk/jobs/land/ad/5670690016?se=LCLcC7NB8RGtTOojiaELgw&utm_medium=api&utm_source=ce5ae1a3&v=E01DDFBA9CA191B462BCD244C96311C90444F23D,"Salary: up to £200k base  bonus Summary Fantastic opportunity for an experienced engineer to lead a brand-new data engineering team at this tech-savvy algorithmic trading firm. A very hands-on tech lead, you'll be building a new system for processing and managing daily data that is used company-wide (including corporate actions, fundamentals, and index membership data). Your focus will be collating the data most critical to the business, now and in the future, to ensure there is a singular, cle…",74690.73,74690.73,1,5670690016,2026-03-18T13:42:58Z,Data Engineering Tech Lead- Leading Quant-Driven Market-Maker,51.503378,-0.139134,IT Jobs,it-jobs,Oxford Knight,"['UK', 'London']","London, UK",full_time,
https://www.adzuna.co.uk/jobs/land/ad/5702476476?se=LCLcC7NB8RGtTOojiaELgw&utm_medium=api&utm_source=ce5ae1a3&v=59F8A04208017B5557373FA7021D2917C5302A45,"Trainee Cyber Security Course Programme – Job Guarantee Included Complete online training designed to take you from zero experience to your first Cyber Security role. Study part-time, build fundamental skills, and get dedicated job placement support until you're hired. Flexible financing options available, with payment plans starting from as low as £142 per month. The Programme Complete this 8-10 week online training with just 2 hours per day of study time. You will learn industry-recognised me…",33244.16,33244.16,1,5702476476,2026-04-17T12:14:06Z,Cyber Security Starter Course - Guaranteed Job Placement Support (Burnley),53.787601,-2.244648,IT Jobs,it-jobs,ITonlinelearning Recruitment,"['UK', 'North West England', 'Lancashire', 'Burnley', 'Reedley']","Reedley, Burnley",part_time,
https://www.adzuna.co.uk/jobs/land/ad/5702476898?se=LCLcC7NB8RGtTOojiaELgw&utm_medium=api&utm_source=ce5ae1a3&v=1DA4BB639F8E194BDB565B06F59AB6CD7272CD5F,"Trainee Cyber Security Course Programme – Job Guarantee Included Complete online training designed to take you from zero experience to your first Cyber Security role. Study part-time, build fundamental skills, and get dedicated job placement support until you're hired. Flexible financing options available, with payment plans starting from as low as £142 per month. The Programme Complete this 8-10 week online training with just 2 hours per day of study time. You will learn industry-recognised me…",46522.31,46522.31,1,5702476898,2026-04-17T12:14:11Z,Cyber Security Trainee Program (Harrow),51.589039,-0.333993,IT Jobs,it-jobs,ITonlinelearning Recruitment,"['UK', 'London', 'Harrow', 'Wealdstone']","Wealdstone, Harrow",part_time,
https://www.adzuna.co.uk/jobs/land/ad/5689855055?se=LCLcC7NB8RGtTOojiaELgw&utm_medium=api&utm_source=ce5ae1a3&v=101594AC961D9BF2CCE2BBFD9686FDD8BD911D2B,"PAM Specialist (Privileged Access Management) ?? Culham (2-3 days onsite) ?? Contract until 30/09/2026 (extension possible) ?? £55/hour Umbrella ?? Inside IR35 Overview We're looking for an experienced Privileged Access Management (PAM) Specialist to support the implementation, optimisation, and ongoing management of PAM controls across a complex enterprise environment. This is a hands-on contract role requiring strong technical delivery capability across PAM tooling, privileged access governan…",104000.0,114400.0,0,5689855055,2026-04-04T13:32:07Z,PAM Specialist,51.65777,-1.228669,IT Jobs,it-jobs,Gold Group,"['UK', 'South East England', 'Oxfordshire', 'Abingdon', 'Clifton Hampden']","Clifton Hampden, Abingdon",,contract
https://www.adzuna.co.uk/jobs/land/ad/5703708806?se=7GEdDLNB8RG60p_fUSdYlA&utm_medium=api&utm_source=ce5ae1a3&v=6621360273B8C1A482FA3022FA5DDE195B708135,Job Title: AI Engineer (contract) Location: London Hybrid. Travel to the London office 2 days a week Duration: 6 months Contract Start Date: March 2026 Rate: Competitive(inside IR35) Deloitte Working with the Deloitte Associate (Contractor) Programme means we can offer you the opportunity to work on a variation of industry and client related projects. Our aim is to retain the best talent and so when your project end date nears our team of Talent Community Advisors will be working with you to lo…,79192.77,79192.77,1,5703708806,2026-04-18T16:16:45Z,Artificial Intelligence Engineer,51.503378,-0.139134,IT Jobs,it-jobs,Deloitte,"['UK', 'London']","London, UK",,contract
https://www.adzuna.co.uk/jobs/land/ad/5710402347?se=7GEdDLNB8RG60p_fUSdYlA&utm_medium=api&utm_source=ce5ae1a3&v=CC165202A87E842CA810023031A4E91E50797F57,"Principal Machine Learning Researcher (Privacy/Risk) | | Series A - Drug discovery Platform | Fully Remote, EU/UK | Base Salary Up to £160,000K, plus early equitybenefits The Client: A mission-driven technology company operating in the life sciences domain is seeking a Principal Scientist - hands-on with either ADMET or Structural Biology modelling, ML engineer to lead the technical direction for ADMET modeling efforts within its drug discovery platform. The organisation enables collaborative m…",64324.04,64324.04,1,5710402347,2026-04-25T17:10:20Z,"Principal Machine Learning Researcher (Privacy/Risk) | | Series A - Drug discovery Platform | Fully Remote, EU/UK | Base Salary Up to £160,000K, plus early equitybenefits",53.383801,-2.3547,IT Jobs,it-jobs,Owen Thomas | B Corp™,"['UK', 'North West England', 'Greater Manchester', 'Altrincham']","Altrincham, Greater Manchester",full_time,
https://www.adzuna.co.uk/jobs/land/ad/5702475505?se=7GEdDLNB8RG60p_fUSdYlA&utm_medium=api&utm_source=ce5ae1a3&v=74AA37128BE6D54A4527C3DAD0E84ECEC1D68B48,"Trainee Business Analyst Programme – Job Guarantee Included Complete online training designed to take you from zero experience to your first Business Analyst role. Study part-time, build fundamental skills, and get dedicated job placement support until you're hired. Flexible financing options available, with payment plans starting from as low as £142 per month. The Programme Complete this 8-10 week online training with just 2 hours per day of study time. You will learn industry-recognised metho…",40145.34,40145.34,1,5702475505,2026-04-17T12:14:00Z,Business Analysis Foundations Course with Certification (Bradford),53.793037,-1.754457,IT Jobs,it-jobs,ITonlinelearning Recruitment,"['UK', 'Yorkshire And The Humber', 'West Yorkshire', 'Bradford', 'Listerhills']","Listerhills, Bradford",part_time,
https://www.adzuna.co.uk/jobs/land/ad/5705187137?se=7GEdDLNB8RG60p_fUSdYlA&utm_medium=api&utm_source=ce5ae1a3&v=BF99A03ECB0D03DA6DB89F1C5A9435B11C72A816,"Company Description Sputnik is a digital transformation agency. We design and build innovative websites, digital products and applications for enterprise clients. At the foundation of every project we deliver are a delightful and intuitive user experience, combined with secure, scalable and optimised engineering. Our projects range from best-in-class websites to bespoke inventory management systems and customer portals. Our team have helped deliver robust web applications for great brands inclu…",60312.96,60312.96,1,5705187137,2026-04-20T12:15:50Z,.NET Developer,53.480701,-2.23438,IT Jobs,it-jobs,Sputnik Digital,"['UK', 'North West England', 'Greater Manchester', 'Manchester']","Manchester, Greater Manchester",full_time,
https://www.adzuna.co.uk/jobs/land/ad/5706707156?se=7GEdDLNB8RG60p_fUSdYlA&utm_medium=api&utm_source=ce5ae1a3&v=7BDE7E13C50B59042E7C4F4FB7904AEA26363EB2,"Do you have knowledge of ArchiMate and ideally some experience with Orbus products (Infinity or 365)? Do you could come from a background in EA Modelling, EA Tooling or perhaps Business or Systems Analysis looking for a new opportunity to apply your ArchiMate skills. If so, apply now for this brand-new contract opportunity. The role will initially be for 3 months and will be Inside IR35. It will be a largely remote role requiring approximately 2-3 days per month in either London or Sunderland. …",78753.08,78753.08,1,5706707156,2026-04-22T02:59:48Z,Enterprise Architecture Tooling Analyst - ArchiMate,51.520616,-0.118087,IT Jobs,it-jobs,Tria Recruitment,"['UK', 'London', 'Central London', 'Holborn']","Holborn, Central London",,contract
https://www.adzuna.co.uk/jobs/land/ad/5710394634?se=7GEdDLNB8RG60p_fUSdYlA&utm_medium=api&utm_source=ce5ae1a3&v=53C3F25B6B64B587877D566FFCEA80B93732F6D2,"Here’s a concise Oracle HCM Business Architect job description you can use: Job Title: Oracle HCM Business Architect Job Summary: Seeking an experienced Oracle HCM Business Architect to lead the design and implementation of Oracle Human Capital Management solutions. The role involves aligning business requirements with Oracle HCM capabilities, driving transformation initiatives, and ensuring optimal system architecture. Key Responsibilities: Lead end-to-end Oracle HCM solution design (Core HR, …",76847.01,76847.01,1,5710394634,2026-04-25T16:10:34Z,Oracle HCM Consultant,,,IT Jobs,it-jobs,PRACYVA,['UK'],UK,,
https://www.adzuna.co.uk/jobs/land/ad/5709284999?se=7GEdDLNB8RG60p_fUSdYlA&utm_medium=api&utm_source=ce5ae1a3&v=4214506C8C8A14B7808667E7A85B3251F22B7F66,"Software Engineer - Cloud Migration (Java/Spring Boot/AWS) - Manchester (Hybrid 1-2 days per week in office) - Initial 3 month contract to start ASAP, with likely extension for a further 6-9 months - £500-600pd inside IR35 We're supporting a major cloud transformation programme and are looking for Software Engineers to join a high-performing engineering team delivering large-scale migrations into a modern cloud environment. This is a hands-on engineering role focused on moving product stacks, d…",66222.51,66222.51,1,5709284999,2026-04-24T12:33:13Z,Software Engineer - Cloud Migration - Morgan McKinley,53.480701,-2.23438,IT Jobs,it-jobs,Morgan McKinley,"['UK', 'North West England', 'Greater Manchester', 'Manchester']","Manchester, Greater Manchester",full_time,contract
https://www.adzuna.co.uk/jobs/land/ad/5685902843?se=7GEdDLNB8RG60p_fUSdYlA&utm_medium=api&utm_source=ce5ae1a3&v=18C0211EC710325BE63A1612BDC005FBEA97C926,"We're building a team of top performers who thrive on solving hard problems, value precision and creativity, and are driven by results. You'll be joining a fast-paced setup that prizes autonomy, sharp thinking, and continuous learning. Who You Are: You bring a deep academic foundation in a technical or quantitative subject—think Computer Science, Engineering, Physics, Statistics, Mathematics, or a closely related area. While a Ph.D. is a strong asset, we also welcome standout candidates with Ba…",65499.76,65499.76,1,5685902843,2026-04-01T19:26:25Z,Prop Trading Firm Hiring Quant Researcher / London /£70K,51.503378,-0.139134,IT Jobs,it-jobs,Eka Finance,"['UK', 'London']","London, UK",full_time,
https://www.adzuna.co.uk/jobs/land/ad/5703157336?se=7GEdDLNB8RG60p_fUSdYlA&utm_medium=api&utm_source=ce5ae1a3&v=D3CAF2706C8E508B7F4E199E6C9E0C284FC9398C,"About Camlin Camlin is a global technology leader that operates with the vision of bringing revolutionary products to life for a wide range of industries, including power and rail, and also has interests in a number of R&D projects in a variety of scientific sectors. At Camlin we believe in high quality engineering and design, allowing us to develop market leading products and services. In short, we love creating value for our customers by solving difficult problems. As of now, Camlin operates …",29488.59,29488.59,1,5703157336,2026-04-18T02:57:22Z,Tier 1 Technical Support - Early Careers,54.510899,-6.04273,IT Jobs,it-jobs,Camlin,"['UK', 'Northern Ireland', 'Lisburn']","Lisburn, Northern Ireland",,
https://www.adzuna.co.uk/jobs/land/ad/5696568565?se=7GEdDLNB8RG60p_fUSdYlA&utm_medium=api&utm_source=ce5ae1a3&v=5F0F4C7AE0FE375E2AE9E99FE1B94DC84D8AD760,"Senior Digital Process Engineer Remote based role Join us as a Senior Digital Process Engineer and shape the future of digital transformation in the paper manufacturing industry. In this pivotal role, you'll lead initiatives to increase efficiency, optimize processes, and embed advanced digital tools - including AI - into our operations. You'll play a key part in commissioning and launching new projects, ensuring seamless implementation and successful start-up. Acting as the link between operat…",56028.12,56028.12,1,5696568565,2026-04-11T10:29:58Z,Senior Digital Process Engineer,51.340698,0.731556,IT Jobs,it-jobs,DS SMITH PACKAGING LIMITED,"['UK', 'South East England', 'Kent', 'Sittingbourne']","Sittingbourne, Kent",,permanent
https://www.adzuna.co.uk/jobs/land/ad/5710394845?se=nIBnDLNB8RG60p_fUSdYlA&utm_medium=api&utm_source=ce5ae1a3&v=78BE7DA1108AF1E322500583361647B2B319D603,"Compensation £40,000 – £70,000 base salary  performance-related bonus  benefits Performance-Related Bonus Great benefits (listed below) TL;DR Role: AI Engineer (Agentic AI & LLM) Level: Engineer or Senior Location: UK-based, fast-growing technology startup specialising in the energy sector Cloud Experience: Must have AWS or Azure (certifications desirable) Management: No direct line management required Consultancy/Energy Experience: Highly beneficial, non-essential Visa Sponsorship: Not current…",60994.06,60994.06,1,5710394845,2026-04-25T16:11:03Z,AI Engineer,55.86026,-4.25596,IT Jobs,it-jobs,Hypercube Consulting,"['UK', 'Scotland', 'Glasgow']","Glasgow, Scotland",part_time,
https://www.adzuna.co.uk/jobs/land/ad/5706683732?se=nIBnDLNB8RG60p_fUSdYlA&utm_medium=api&utm_source=ce5ae1a3&v=0DB75B37971350BC02FC748921AE4951D5070F2A,"I'm supporting a defence-focused start-up in their search for for a Cloud Security Engineer with a focus on DevSecOps and application security to embed security directly into their engineering and delivery pipelines. Role: SC Cleared DevSecOps Engineer (Azure) Salary: £75,000 - £85,000 per annum Location: West Midlands (1-3 days / week on-site) Role Responsibilities Integrate security controls and scanning into CI/CD pipelines Improve software supply chain security and dependency management Rev…",85000.0,85000.0,0,5706683732,2026-04-22T02:35:34Z,SC Cleared DevSecOps Engineer,52.509745,-2.355658,IT Jobs,it-jobs,IO Associates,"['UK', 'West Midlands']","West Midlands, UK",,permanent
https://www.adzuna.co.uk/jobs/land/ad/5701084129?se=nIBnDLNB8RG60p_fUSdYlA&utm_medium=api&utm_source=ce5ae1a3&v=86A06B19DE5194C3A01B00D24DA58053B6BE9F32,"Your new company Hays are partnering with a public sector organisation in Gloucester to recruit for an IT Deployment Team Leader vacancy on an initial 12-month fixed-term contract. The role is paying c£40k  benefits and offering hybrid working arrangements 4 days in office 1-day WFH. Your new role The main focus of the role is to lead the IT deployment / desktop team that is responsible for the organisation's IT equipment estate. The team look after imaging and asseting new and existing stock, …",45000.0,45000.0,0,5701084129,2026-04-16T06:10:25Z,IT Deployment Team Lead,51.847012,-2.171511,IT Jobs,it-jobs,Hays,"['UK', 'South West England', 'Gloucestershire', 'Gloucester', 'Brockworth']","Brockworth, Gloucester",,permanent
https://www.adzuna.co.uk/jobs/land/ad/5702476552?se=nIBnDLNB8RG60p_fUSdYlA&utm_medium=api&utm_source=ce5ae1a3&v=02B3361935DED3F2BE27F7CC3D248EA52450BF46,"Trainee Business Analyst Programme – Job Guarantee Included Complete online training designed to take you from zero experience to your first Business Analyst role. Study part-time, build fundamental skills, and get dedicated job placement support until you're hired. Flexible financing options available, with payment plans starting from as low as £142 per month. The Programme Complete this 8-10 week online training with just 2 hours per day of study time. You will learn industry-recognised metho…",40959.4,40959.4,1,5702476552,2026-04-17T12:14:07Z,Junior Business Analyst Training with Job Support (Barking and Dagenham),51.536016,0.078711,IT Jobs,it-jobs,ITonlinelearning Recruitment,"['UK', 'Eastern England', 'Essex', 'Barking']","Barking, Essex",part_time,
https://www.adzuna.co.uk/jobs/land/ad/5702475450?se=nIBnDLNB8RG60p_fUSdYlA&utm_medium=api&utm_source=ce5ae1a3&v=CCA4448AF19E364E5430087728E9EB18A8D15545,"Trainee Cyber Security Course Programme – Job Guarantee Included Complete online training designed to take you from zero experience to your first Cyber Security role. Study part-time, build fundamental skills, and get dedicated job placement support until you're hired. Flexible financing options available, with payment plans starting from as low as £142 per month. The Programme Complete this 8-10 week online training with just 2 hours per day of study time. You will learn industry-recognised me…",34053.46,34053.46,1,5702475450,2026-04-17T12:13:59Z,Cyber Security Starter Course - Guaranteed Job Placement (Walsall),52.585074,-1.98046,IT Jobs,it-jobs,ITonlinelearning Recruitment,"['UK', 'West Midlands', 'Walsall', 'Birchills']","Birchills, Walsall",part_time,
https://www.adzuna.co.uk/jobs/land/ad/5710143017?se=nIBnDLNB8RG60p_fUSdYlA&utm_medium=api&utm_source=ce5ae1a3&v=E3725D27B263C27BE85570EF1D5947A3830493FC,"Your new company You will work for a global leader in their industry, in a time of exciting high growth and expansion. Your new role You will have the opportunity to work for a highly acquisitive business, on an exciting project, using your technical expertise and getting involved in process improvements, proactively solving issues and working with international stakeholders. You will be responsible for the month-end close, working closely with senior stakeholders and demonstrating your analyti…",41682.93,41682.93,1,5710143017,2026-04-25T07:53:20Z,Finance Transformation Accountant,53.648397,-2.31701,IT Jobs,it-jobs,Hays Accountancy and Finance,"['UK', 'North West England', 'Greater Manchester', 'Bury', 'Ramsbottom', 'Shuttleworth']","Shuttleworth, Ramsbottom",,permanent
https://www.adzuna.co.uk/jobs/land/ad/5702476459?se=nIBnDLNB8RG60p_fUSdYlA&utm_medium=api&utm_source=ce5ae1a3&v=0B3776DFE3036D1CC72B4B75D94FCB7E4AC31DCA,"Trainee Cyber Security Course Programme – Job Guarantee Included Complete online training designed to take you from zero experience to your first Cyber Security role. Study part-time, build fundamental skills, and get dedicated job placement support until you're hired. Flexible financing options available, with payment plans starting from as low as £142 per month. The Programme Complete this 8-10 week online training with just 2 hours per day of study time. You will learn industry-recognised me…",35410.74,35410.74,1,5702476459,2026-04-17T12:14:06Z,Cyber Security Trainee Programme (Mansfield),53.137438,-1.200135,IT Jobs,it-jobs,ITonlinelearning Recruitment,"['UK', 'East Midlands', 'Nottinghamshire', 'Mansfield', 'Harlow Wood']","Harlow Wood, Mansfield",part_time,
https://www.adzuna.co.uk/jobs/land/ad/5685108528?se=nIBnDLNB8RG60p_fUSdYlA&utm_medium=api&utm_source=ce5ae1a3&v=07F291C063DFAAA3ABD2F047E65E9D8E27325585,"Do you enjoy being out in the field, walking crops, talking to growers, and making real decisions that impact yield and quality? I'm working with a leading grower group to find an Agronomist who will become the trusted advisor across a network of farms - helping deliver top-quality crops while driving sustainable, forward-thinking farming practices. This is a brilliant role if you like variety, autonomy, and being right at the centre of the action from planting through to harvest. The Role You'…",49007.96,49007.96,1,5685108528,2026-04-01T09:14:30Z,Agronomist,56.79918,-4.254873,IT Jobs,it-jobs,MorePeople,"['UK', 'Scotland']","Scotland, UK",,permanent
https://www.adzuna.co.uk/jobs/land/ad/5701351220?se=nIBnDLNB8RG60p_fUSdYlA&utm_medium=api&utm_source=ce5ae1a3&v=4DAEFBF01EEC440E268560E4AF8A9B5D5AFDDCDB,"DATA ENGINEER £90,000 LONDON / MANCHESTER Our client is looking for a Data Engineer to join a fast-growing adtech scale-up tackling real-time data problems at serious scale. This is a role for someone who enjoys ownership, impact, and working close to Data Science on systems that directly influence business outcomes. You'll be helping to shape the data foundations behind large-scale machine learning and fraud prevention. THE COMPANY A fast-growing SaaS business building technology to help adver…",70000.0,90000.0,0,5701351220,2026-04-16T12:28:11Z,Data Engineer,,,IT Jobs,it-jobs,Harnham - Data & Analytics Recruitment,"['UK', 'London']","London, UK",full_time,permanent
https://www.adzuna.co.uk/jobs/land/ad/5709489866?se=nIBnDLNB8RG60p_fUSdYlA&utm_medium=api&utm_source=ce5ae1a3&v=541A7873C59BA0D102499A50B4BC1D5C96919D0C,"Electronics Engineer £50,000 - £57,000  Progression  Salary Reviews  32 Days Holiday  Flexible Working  Pension  Benefits HeyshamAre you an experienced electronics engineer looking to take technical ownership of complex products, influence design decisions end?to?end, and play a key role in delivering high?reliability engineering solutions within a collaborative, forward?thinking environment?In this role you will take the lead on the architecture, design and validation of electronic systems, wo…",50000.0,57000.0,0,5709489866,2026-04-24T19:20:39Z,Electronics Engineer,54.049599,-2.79843,IT Jobs,it-jobs,Rise Technical Recruitment Limited,"['UK', 'North West England', 'Lancashire', 'Lancaster']","Lancaster, Lancashire",full_time,permanent
https://www.adzuna.co.uk/jobs/land/ad/5670689786?se=TlysDLNB8RGtTOojiaELgw&utm_medium=api&utm_source=ce5ae1a3&v=BA8B8AE75E413A4FF758D2E413D9B4ED3FA920D6,"Our client is a leading tech-driven quant and systematic hedge fund trading with offices across the globe. They leverage deep knowledge in data, research, technology and trading to deliver high-quality returns in a dynamic and fast-paced environment, with excellent opportunities for career growth. Looking for a motivated Python Quant Developer to work within a trading desk alongside Quant Researchers and Traders where you will have a direct & immediate impact on the desk's success. Your primary…",71084.54,71084.54,1,5670689786,2026-03-18T13:42:55Z,Quant Developer - Vol- Systematic Quant Fund,51.503378,-0.139134,IT Jobs,it-jobs,Oxford Knight,"['UK', 'London']","London, UK",full_time,
https://www.adzuna.co.uk/jobs/land/ad/5680370246?se=TlysDLNB8RGtTOojiaELgw&utm_medium=api&utm_source=ce5ae1a3&v=369633B918BB65CDF1B9DE318D536462D8B34BED,"£150,000-250,000 GBP Formulaic Bonus Onsite WORKING Location: Central London, Greater London - United Kingdom Type: Permanent Quantitative Portfolio Manager - London Anson McCade have partnered with an established Multi-Strategy Hedge Fund which is seeking Portfolio Managers to set up new trading teams or trade their own strategies independently. This firm has an extensive profitable track record, outperforming their peers, and is looking to continue this by setting up pods where Quant PMs will…",68038.41,68038.41,1,5680370246,2026-03-27T14:34:59Z,Quantitative Portfolio Manager,51.503378,-0.139134,IT Jobs,it-jobs,Anson Mccade,"['UK', 'London']","London, UK",full_time,permanent
https://www.adzuna.co.uk/jobs/land/ad/5698044178?se=TlysDLNB8RGtTOojiaELgw&utm_medium=api&utm_source=ce5ae1a3&v=ECC03DF692B039816DBCFE925A2D679BB561CC30,"HM Land Registry are looking for Data Architects to join a growing data capability, supporting the delivery of major transformation programmes across the organisation. This role sits at the centre of how data is structured, governed and used across a large and complex organisation, supporting the delivery of digital services and ongoing transformation. £48,700 - £59,600 (depending on assessment), 29% employer pension contribution plus full Civil Service benefits. Flexible, hybrid working from 1…",55000.0,55000.0,0,5698044178,2026-04-13T10:39:38Z,Data Architect,52.647999,-1.7081,IT Jobs,it-jobs,Inspire People,"['UK', 'West Midlands', 'Shropshire', 'Telford']","Telford, Shropshire",,permanent
https://www.adzuna.co.uk/jobs/land/ad/5705173855?se=TlysDLNB8RGtTOojiaELgw&utm_medium=api&utm_source=ce5ae1a3&v=642ADC64B616B588B833E8D7CB63E2D76514C947,"TPA (Third Party Agreement) 12 months fixed term offer: Polish / Dutch speaking e-commerce Customer Solutions Manager based in the UK. Candidate profile Native Polish/ Dutch speaker Familiar with API integrations Experience with Shopify would be a plus Experience within the e-commerce industry is preferred Eligible to work in the UK This is an exciting career opportunity within a global industry leader, if your profile fits the above description, we look forward to receiving your application!",39287.13,39287.13,1,5705173855,2026-04-20T11:02:28Z,E-commerce Customer Solutions Manager - Polish / Dutch speaker TPA,,,IT Jobs,it-jobs,Intellipro Group UK Ltd,"['UK', 'London']","London, UK",,contract
https://www.adzuna.co.uk/jobs/land/ad/5709977757?se=TlysDLNB8RGtTOojiaELgw&utm_medium=api&utm_source=ce5ae1a3&v=72AFD8D785B3257052F1F12D32FE6DA48F3720CF,"Location: Annesley, Nottinghamshire Type: Permanent You will be involved in projects that contribute to net-zero initiatives, as well as those focused on maintaining and upgrading existing network infrastructure. The role will include work on high-voltage overhead powerline (OHL) schemes. You’ll work closely with Bid Managers, Project Development Managers, Pre-Construction Managers, design teams, and the commercial team. This is a hybrid role, requiring 2–3 days per week in the office at Annesl…",70282.38,70282.38,1,5709977757,2026-04-25T04:05:46Z,Estimator,52.934907,-0.846093,IT Jobs,it-jobs,Vallum Associates,"['UK', 'East Midlands']","East Midlands, UK",,permanent
https://www.adzuna.co.uk/jobs/land/ad/5687539137?se=TlysDLNB8RGtTOojiaELgw&utm_medium=api&utm_source=ce5ae1a3&v=AE3E87BDCFC388C8800760B39CE47C34AD773F04,"Job Title: ServiceNow Developer Location- United Kingdom (Remote) Contract (Inside IR35) Key Responsibilities: Develop and customize solutions across ServiceNow modules including ITSM, ITOM, HRSD, CMDB, Asset Management, PPM/SPM, and GRC Design workflows, business rules, UI policies, and integrations within the ServiceNow platform Maintain and enhance CMDB and ensure data integrity Integrate ServiceNow with third-party systems using APIs and web services Collaborate with stakeholders to gather …",60522.75,60522.75,1,5687539137,2026-04-02T14:56:52Z,Asset Management Specialist,,,IT Jobs,it-jobs,SRMD Ltd.,['UK'],UK,,contract
https://www.adzuna.co.uk/jobs/land/ad/5689922253?se=TlysDLNB8RGtTOojiaELgw&utm_medium=api&utm_source=ce5ae1a3&v=38FEF20964FAD5995FE85A3512D4AD2BC9943E96,"About Complexio Complexio is the intelligence layer for enterprise AI. Our platform builds a connected understanding of how businesses actually operate - across people, processes, and systems. Enterprises have invested heavily in AI platforms, copilots, and data infrastructure - yet daily work still runs on manual hand-offs and thousands of unseen tasks buried in emails, chats, and spreadsheets. Complexio closes that automation gap. Our Event Knowledge Graph ingests structured and unstructured …",58517.73,58517.73,1,5689922253,2026-04-04T16:44:46Z,Value Engineer,,,IT Jobs,it-jobs,Complexio,['UK'],UK,,
https://www.adzuna.co.uk/jobs/land/ad/5709977733?se=TlysDLNB8RGtTOojiaELgw&utm_medium=api&utm_source=ce5ae1a3&v=700E32BEBF147F698F1D7A6EAE164F8156777A8E,"Fieldview Administrator London Up to £50,000  £4,700 Travel Allowance  Bonus  Benefits A leading residential developer is seeking a Fieldview Administrator to support multiple live projects across the London region. This role will focus on the day-to-day management, configuration, and optimisation of the Fieldview system, ensuring smooth delivery of QA, inspections, and defect management processes on site. The Role Administer and manage the Fieldview platform across multiple projects Configure …",38439.21,38439.21,1,5709977733,2026-04-25T04:05:45Z,FieldView Administrator,,,IT Jobs,it-jobs,Blayze Group,"['UK', 'London', 'Central London', 'The City']","The City, Central London",,
https://www.adzuna.co.uk/jobs/land/ad/5697217003?se=TlysDLNB8RGtTOojiaELgw&utm_medium=api&utm_source=ce5ae1a3&v=2C522203CD0F197DD74B4FE43EE7ED5E3F00E925,Digital Verification Engineer - Bishop's Stortford I am looking for a Digital Verification Engineer to join a US company that has opened a UK design centre near Cambridge. You will join a small but growing UK team as they embark on their next stage of growth and be influential in company projects and product development. Duties and responsibilities Support with the management of the digital and (Analog/Mixed-Signal verification environment across design projects) Define and enforce verification…,43860.54,43860.54,1,5697217003,2026-04-12T04:09:25Z,Digital Verification Engineer,51.8713,0.158801,IT Jobs,it-jobs,IC Resources,"['UK', 'Eastern England', 'Hertfordshire', ""Bishop's Stortford""]","Bishop's Stortford, Hertfordshire",,
https://www.adzuna.co.uk/jobs/land/ad/5635519842?se=TlysDLNB8RGtTOojiaELgw&utm_medium=api&utm_source=ce5ae1a3&v=08E643E442C918F269E07B61AB552AC52540C68A,Become a Professional Game Tester We're looking for passionate gamers to join our elite team of mobile game testers. Get paid to play and test the latest games before they launch. £365 Avg Monthly Pay 5-10 Hours/Week 100% Remote This opportunity is open to users in the UK Position Requirements: Must be 18 years or older Own a smartphone or tablet Able to commit 5-10 hours per week Strong attention to detail Reliable internet connection,41769.2,41769.2,1,5635519842,2026-02-19T02:20:17Z,Remote Game Tester,51.1133,-0.182914,IT Jobs,it-jobs,Babki,"['UK', 'South East England', 'West Sussex', 'Crawley']","Crawley, West Sussex",,
https://www.adzuna.co.uk/jobs/land/ad/5709978985?se=HlTzDLNB8RGtTOojiaELgw&utm_medium=api&utm_source=ce5ae1a3&v=6A3407FAAE2A340BDF1E1F6C715FA8D1E4956453,"If you need support in completing the application or if you require a different format of this document, please get in touch with at UKI.recruitment@tcs.com or call TCS London Office number 02031552100 / 44 204 520 2575 with the subject line: “Application Support Request”. Careers at TCS: It means more TCS is a purpose-led transformation company, built on belief. We do not just help businesses to transform through technology. We support them in making a meaningful difference to the people and c…",37866.69,37866.69,1,5709978985,2026-04-25T04:06:17Z,Application Support Engineer,51.503378,-0.139134,IT Jobs,it-jobs,Tata Consultancy Services,"['UK', 'London']","London, UK",,
https://www.adzuna.co.uk/jobs/land/ad/5707210422?se=HlTzDLNB8RGtTOojiaELgw&utm_medium=api&utm_source=ce5ae1a3&v=CB63397F6718959CF88CA8EEE613382C56490529,"Role: IT Support Engineer - Education Salary: 32k Location: Croydon As a leading technology provider, our client uses the latest technologies to manage and maintain their customers' IT systems. Operating at the forefront of their industry, they work very closely with a range of schools and colleges and are now looking to recruit an IT Support Engineer who will be site based at a leading independent school in Wallingford, Oxfordshire. Primary Purpose : The role is varied and interesting, working…",26000.0,32000.0,0,5707210422,2026-04-22T15:06:05Z,IT Support - Education,,,IT Jobs,it-jobs,PLANET RECRUITMENT SERVICES LTD,"['UK', 'London', 'South East London', 'South Croydon']","South Croydon, South East London",full_time,permanent
https://www.adzuna.co.uk/jobs/land/ad/5631887484?se=HlTzDLNB8RGtTOojiaELgw&utm_medium=api&utm_source=ce5ae1a3&v=49C30E58F6BA33EBCA28B5537F7B4A1C34164924,"ABOUT US: LSEG (London Stock Exchange Group) is more than a diversified global financial markets infrastructure and data business. We are dedicated, open-access partners with a dedication to excellence in delivering the services our customers expect from us. With extensive experience, deep knowledge and worldwide presence across financial markets, we enable businesses and economies around the world to fund innovation, manage risk and create jobs. It's how we've contributed to supporting the fin…",41040.88,41040.88,1,5631887484,2026-02-16T16:25:26Z,"Engineer, Architecture Governance - London Stock Exchange Group",51.503378,-0.139134,IT Jobs,it-jobs,London Stock Exchange Group,"['UK', 'London']","London, UK",full_time,
https://www.adzuna.co.uk/jobs/land/ad/5702475686?se=HlTzDLNB8RGtTOojiaELgw&utm_medium=api&utm_source=ce5ae1a3&v=3B20645E04C0D66BC73D3D36C5F4081511CADF43,"Data Analyst Course Programme – Job Guarantee Included Complete online training designed to take you from zero experience to your first data analyst role. Study part-time, build fundamental skills, and get dedicated job placement support until you're hired. Flexible financing options available, with payment plans starting from as low as £142 per month. The Programme Complete this 10-week online training with just 10-15 hours per week of study time. You'll learn industry-standard tools, includin…",29701.62,29701.62,1,5702475686,2026-04-17T12:14:01Z,Data Analyst Entry Programme (Dudley),52.51174,-2.08611,IT Jobs,it-jobs,ITonlinelearning Recruitment,"['UK', 'West Midlands', 'Dudley', 'Netherton']","Netherton, Dudley",part_time,
https://www.adzuna.co.uk/jobs/land/ad/5683433319?se=HlTzDLNB8RGtTOojiaELgw&utm_medium=api&utm_source=ce5ae1a3&v=83801AB3D3BA48284DE7FA4D64D38712C5324F99,"Company description We believe in the power of ingenuity to build a positive human future. As strategies, technologies, and innovation collide, we create opportunity from complexity. Our teams of interdisciplinary experts combine innovative thinking and breakthrough technologies to progress further, faster. Our clients adapt and transform, and together we achieve enduring results. We are over 4,000 strategists, innovators, designers, consultants, digital experts, scientists, engineers, and tech…",51381.94,51381.94,1,5683433319,2026-03-30T20:56:25Z,UX/UI Designer,,,IT Jobs,it-jobs,PA Consulting Services Ltd,"['UK', 'Northern Ireland', 'Belfast']","Belfast, Northern Ireland",,
https://www.adzuna.co.uk/jobs/land/ad/5710234294?se=HlTzDLNB8RGtTOojiaELgw&utm_medium=api&utm_source=ce5ae1a3&v=1767B7B6BD2B9D6643BACCC7723EC0A7632439EF,Contract: IP Reclamation Asset Engineer Start Date: 11th May 2026 Duration: Initial 6 weeks (Further project work required beyond this point) Location: Remote work (Mon-Fri) Rate: £200-£215 a day Reference: 20461 Engineers required to complete a short-term project for IP Reclamation. Resource requirement: Hold minimum Cisco CCNA certification with strong Visio and Excel skills. Good communication skills and able to work remotely. Work Effort: Logging into client's network devices at each site u…,52000.0,55900.0,0,5710234294,2026-04-25T11:00:17Z,IP Asset Engineer,,,IT Jobs,it-jobs,Networking People  Limited,['UK'],UK,,
https://www.adzuna.co.uk/jobs/land/ad/5704441091?se=HlTzDLNB8RGtTOojiaELgw&utm_medium=api&utm_source=ce5ae1a3&v=3F0458D7A77251AF4821A4904D9DFDAFF5957D86,"We are currently working with a supplier specialising in womenswear across jersey, soft wovens and tailoring who are working with leading UK and supermarkets, and are looking for an experienced Senior Garment Technologist with digital pattern cutting expertise to join their technical team. They are looking for a Senior Tech who can take ownership of key accounts while combining garment technology with digital pattern cutting. This is a hands-on role ideal for someone who enjoys both the technic…",50000.0,50000.0,0,5704441091,2026-04-19T10:54:13Z,Senior Garment Technologist/ Digital Pattern Cutter,51.451818,-0.02806,IT Jobs,it-jobs,TRP Recruitment,"['UK', 'London', 'South East London']","South East London, London",,permanent
https://www.adzuna.co.uk/jobs/land/ad/5702475058?se=HlTzDLNB8RGtTOojiaELgw&utm_medium=api&utm_source=ce5ae1a3&v=5ADBCC27B79BCF1B78376D4C307DC2DFD5C7FCA1,"Data Analyst Course Programme – Job Guarantee Included Complete online training designed to take you from zero experience to your first data analyst role. Study part-time, build fundamental skills, and get dedicated job placement support until you're hired. Flexible financing options available, with payment plans starting from as low as £142 per month. The Programme Complete this 10-week online training with just 10-15 hours per week of study time. You'll learn industry-standard tools, includin…",36895.2,36895.2,1,5702475058,2026-04-17T12:13:56Z,Data Analysis Starter Course - Job Guarantee Program (Brighton),50.820835,-0.140029,IT Jobs,it-jobs,ITonlinelearning Recruitment,"['UK', 'South East England', 'East Sussex', 'Brighton', 'Preston']","Preston, Brighton",part_time,
https://www.adzuna.co.uk/jobs/land/ad/5687533464?se=HlTzDLNB8RGtTOojiaELgw&utm_medium=api&utm_source=ce5ae1a3&v=8FD3978B3844E6FF2B40B2223CE7599EA29DD07B,"ICT Infrastructure Analyst Location : Stormont, Dundonald (limited hybrid working) Salary : 36,122 per annum  1,971 salary supplement (38k pa) Grade : Assembly Grade 7 Directorate: Parliamentary Services Business Area: Information Systems (IS) Office Accountable to : Lead ICT Infrastructure Analyst Contract : 12 months with possibility of extension Closing : 4pm Friday 10/04/2025 ICT Infrastructure Analyst The Assembly Commission is seeking to recruit a highly motivated and skilled Senior ICT I…",35000.0,35000.0,0,5687533464,2026-04-02T14:34:08Z,ICT Infrastructure Analyst,,,IT Jobs,it-jobs,VANRATH,"['UK', 'Northern Ireland', 'Belfast']","Belfast, Northern Ireland",,
https://www.adzuna.co.uk/jobs/land/ad/5710236543?se=HlTzDLNB8RGtTOojiaELgw&utm_medium=api&utm_source=ce5ae1a3&v=7BC3CDF839E0619C19F99A3245B726AFF028DDD0,"GOLANG ENGINEER - RICHMOND, LONDON (ONSITE) KEY POINTS Salary up to £60,000 Fully onsite role in Richmond, London Strong focus on Go, Linux, and low-level networking Opportunity to work on high-performance, distributed systems ABOUT THE CLIENT We're working with a fast-growing and highly technical organisation building scalable, high-performance systems. Due to continued investment and product expansion, they're looking to add experienced Golang Engineers to their engineering team. This is an e…",60000.0,60000.0,0,5710236543,2026-04-25T11:02:24Z,Golang Engineer,,,IT Jobs,it-jobs,Searchability  Ltd,"['UK', 'London']","London, UK",,permanent
https://www.adzuna.co.uk/jobs/land/ad/5702474810?se=7lZIDbNB8RG559CN95vx2w&utm_medium=api&utm_source=ce5ae1a3&v=EB90215CB4454DE1F924ECBD2981DF1028741B6D,"Data Analyst Course Programme – Job Guarantee Included Complete online training designed to take you from zero experience to your first data analyst role. Study part-time, build fundamental skills, and get dedicated job placement support until you're hired. Flexible financing options available, with payment plans starting from as low as £142 per month. The Programme Complete this 10-week online training with just 10-15 hours per week of study time. You'll learn industry-standard tools, includin…",37421.36,37421.36,1,5702474810,2026-04-17T12:13:55Z,Data Analysis Starter Course - Comprehensive Job Placement Support (Westminster),51.497662,-0.137502,IT Jobs,it-jobs,ITonlinelearning Recruitment,"['UK', 'London', 'South West London', 'Westminster']","Westminster, South West London",part_time,
https://www.adzuna.co.uk/jobs/land/ad/5680370261?se=7lZIDbNB8RG559CN95vx2w&utm_medium=api&utm_source=ce5ae1a3&v=901637C2EC3D545978079C77F5CDBF012510CA37,"£120,000 GBP Sign on EOY Bonus Onsite WORKING Location: Central London, Greater London - United Kingdom Type: Permanent About the Company: Our client is seeking a talented Quantitative Researcher to join their team and contribute to the development of cutting-edge trading strategies within their automated trading framework. Key Responsibilities: Research and implement algorithmic trading strategies. Analyze large data sets using advanced statistical and quantitative techniques to identify tradi…",82615.59,82615.59,1,5680370261,2026-03-27T14:35:03Z,Quantitative Researcher,51.503378,-0.139134,IT Jobs,it-jobs,Anson Mccade,"['UK', 'London']","London, UK",full_time,permanent
https://www.adzuna.co.uk/jobs/land/ad/5695480248?se=7lZIDbNB8RG559CN95vx2w&utm_medium=api&utm_source=ce5ae1a3&v=74D47EB9C79098DA00263F18052AC8F119E19132,"Reading (Hybrid Working) Full-time, Permanent (MonFri, 09:0017:00) £35,000 per annum  bonus scheme Our client is seeking a proactive and detail-oriented Security and Business Continuity Analyst to join their team in Reading. The Role Reporting to the Senior Quality Systems & Compliance Manager, you will play a key role in maintaining, analysing, and improving the organisations security, audit, and business continuity processes. This is an excellent opportunity for someone with strong organisati…",35000.0,35000.0,0,5695480248,2026-04-10T10:31:32Z,Security and Business Continuity Analyst,51.455002,-0.969088,IT Jobs,it-jobs,M4 Recruitment - Bristol Division,"['UK', 'South East England', 'Berkshire', 'Reading']","Reading, Berkshire",full_time,permanent
https://www.adzuna.co.uk/jobs/land/ad/5702475330?se=7lZIDbNB8RG559CN95vx2w&utm_medium=api&utm_source=ce5ae1a3&v=4A5F5F46DDED5FF27978BD8E30367E0079109F11,"Trainee Cyber Security Course Programme – Job Guarantee Included Complete online training designed to take you from zero experience to your first Cyber Security role. Study part-time, build fundamental skills, and get dedicated job placement support until you're hired. Flexible financing options available, with payment plans starting from as low as £142 per month. The Programme Complete this 8-10 week online training with just 2 hours per day of study time. You will learn industry-recognised me…",37909.15,37909.15,1,5702475330,2026-04-17T12:13:57Z,Cyber Security Starter Course (Bromley),51.405764,0.016937,IT Jobs,it-jobs,ITonlinelearning Recruitment,"['UK', 'London', 'South East London', 'Bromley', 'Shortlands']","Shortlands, Bromley",part_time,
https://www.adzuna.co.uk/jobs/land/ad/5699815317?se=7lZIDbNB8RG559CN95vx2w&utm_medium=api&utm_source=ce5ae1a3&v=260A7FA5FBE8C455D9A7EE49AAD8634DE705B9D2,"Full‑Stack Engineer Location: Remote (UK Based) Salary: Up too £50,000 We're working with a high-growth SaaS company building an AI-powered operational intelligence platform used by enterprise clients across process and governance-heavy industries. They're a focused, engineering-led team scaling a modern TypeScript stack across a multi-tenant product with AI-driven analysis, structured workflows, and robust access control. They're now looking for a Full-Stack Engineer with strong backend fundam…",65051.8,65051.8,1,5699815317,2026-04-15T06:48:33Z,Full Stack Engineer,,,IT Jobs,it-jobs,Formula.,['UK'],UK,,
https://www.adzuna.co.uk/jobs/land/ad/5702476542?se=7lZIDbNB8RG559CN95vx2w&utm_medium=api&utm_source=ce5ae1a3&v=DD4D06376A3E37537A349D8C763552F4307039E9,"Trainee Business Analyst Programme – Job Guarantee Included Complete online training designed to take you from zero experience to your first Business Analyst role. Study part-time, build fundamental skills, and get dedicated job placement support until you're hired. Flexible financing options available, with payment plans starting from as low as £142 per month. The Programme Complete this 8-10 week online training with just 2 hours per day of study time. You will learn industry-recognised metho…",49479.6,49479.6,1,5702476542,2026-04-17T12:14:06Z,Entry-Level Business Analyst Preparation Programme (Hackney),51.545032,-0.056434,IT Jobs,it-jobs,ITonlinelearning Recruitment,"['UK', 'London', 'East London', 'London Fields']","London Fields, East London",part_time,
https://www.adzuna.co.uk/jobs/land/ad/5691525808?se=7lZIDbNB8RG559CN95vx2w&utm_medium=api&utm_source=ce5ae1a3&v=5E5C458786C83F9AC2F1BBFFEB4BA67ABF3A075D,Become a Professional Game Tester We're looking for passionate gamers to join our elite team of mobile game testers. Get paid to play and test the latest games before they launch. £365 Avg Monthly Pay 5-10 Hours/Week 100% Remote This opportunity is open to users in the UK Position Requirements: Must be 18 years or older Own a smartphone or tablet Able to commit 5-10 hours per week Strong attention to detail Reliable internet connection,41518.56,41518.56,1,5691525808,2026-04-06T21:50:15Z,Remote Game Tester,53.362099,-2.73289,IT Jobs,it-jobs,Babki,"['UK', 'North West England', 'Cheshire', 'Widnes']","Widnes, Cheshire",,
https://www.adzuna.co.uk/jobs/land/ad/5697216002?se=7lZIDbNB8RG559CN95vx2w&utm_medium=api&utm_source=ce5ae1a3&v=5C9479C3EF4E3799FCCACBE333A69BA79CC8B0D3,"Product Engineer - London (Victoria) - Hybrid - 3 days in office, 2 WFH · Permanent Our client is a newly launched, VC-backed tech business operating in a highly traditional professional services sector. Founded by repeat founders with a proven track record of building and scaling high-growth consumer businesses, they are using AI and automation to fundamentally reimagine how services in their space are delivered, and they are building the product from scratch. The opportunity This is a product…",55652.37,55652.37,1,5697216002,2026-04-12T04:09:01Z,Product Engineer,51.503378,-0.139134,IT Jobs,it-jobs,RGH-Global | People Services,"['UK', 'London']","London, UK",,permanent
https://www.adzuna.co.uk/jobs/land/ad/5704595537?se=7lZIDbNB8RG559CN95vx2w&utm_medium=api&utm_source=ce5ae1a3&v=B86515C2A5DC36EC9696DA38844406DD23D3CF05,"Software Engineer (Python & Java) I am working with an exciting client who are currently looking to add to their engineering team and are looking for a Software Engineer with strong experience in Python and Java to help build and scale reliable, high‑quality systems. This will be a hybrid role with 2 days per week required on site in Central London What you’ll be doing: - Designing and building backend services using Python and Java - Working on scalable, production‑grade systems - Collaboratin…",51051.27,51051.27,1,5704595537,2026-04-19T16:46:39Z,Software Engineer,,,IT Jobs,it-jobs,ITHR Group plc,"['UK', 'London', 'Central London', 'The City']","The City, Central London",,
https://www.adzuna.co.uk/jobs/land/ad/5711115278?se=7lZIDbNB8RG559CN95vx2w&utm_medium=api&utm_source=ce5ae1a3&v=5832EA632E7A9E5BAE620F166EBA0E33D35E42EA,"Network Solution Design Specialist - Fortinet & Cisco ISE London, Bristol, Manchester or Birmingham (Hybrid - 3 days on-site) Competitive Salary  10% Bonus  Strong Pension Overview We are looking for an experienced Network Design Engineer who is happy to function at the sharp end of post-sales delivery. You'll take high-level designs and turn them into clean, technically robust low-level solutions that work in the real world. The Environment The stack is Fortinet-led, with exposure to Cisco env…",70000.0,70000.0,0,5711115278,2026-04-26T19:27:35Z,Network Designer - Fortinet,52.483002,-1.89359,IT Jobs,it-jobs,Hays,"['UK', 'West Midlands', 'Birmingham']","Birmingham, West Midlands",,permanent
https://www.adzuna.co.uk/jobs/land/ad/5710666624?se=wh2tDbNB8RG60p_fUSdYlA&utm_medium=api&utm_source=ce5ae1a3&v=47D90FE837033D3EEDEE229DFC688D1840E27CD4,"Senior Software Engineer – Python / Django (6 Month Freelance Contract)  Location: Fully Remote across Europe / UK  Duration: 6 Months  Rate: Competitive A major European mobility and technology organisation is undergoing a significant digital transformation, modernising core systems and building new platform capabilities. Role Summary You’ll join the engineering team to deliver a high-priority backend project using Python / Django , working on new service development, integrations, and the mod…",75908.91,75908.91,1,5710666624,2026-04-25T23:19:52Z,Senior Software Engineer,,,IT Jobs,it-jobs,Annapurna,"['UK', 'London', 'Central London', 'The City']","The City, Central London",,contract
https://www.adzuna.co.uk/jobs/land/ad/5708331752?se=wh2tDbNB8RG60p_fUSdYlA&utm_medium=api&utm_source=ce5ae1a3&v=E00E81EADCD38981F1272909DFDA2152D6E7E3E1,"Senior Software Engineer | Remote | £60,000 - £70,000 | C# | .Net | React | Azure | Microservices | .NetCore | .Net Developer | Full stack Developer | Opus have exclusively partnered with a brilliant Saas company that harness technology to build Software within the Proptech industry. They’re currently looking for a Senior Developer to come on board and work across greenfield projects and adding new functionality to existing systems. As a Senior Developer you will be part of a Development team o…",68135.03,68135.03,1,5708331752,2026-04-23T13:51:24Z,"Senior Software Engineer | Remote | £60,000 - £70,000 |",53.578499,-2.42992,IT Jobs,it-jobs,Opus Recruitment Solutions,"['UK', 'North West England', 'Greater Manchester', 'Bolton']","Bolton, Greater Manchester",,
https://www.adzuna.co.uk/jobs/land/ad/5697214950?se=wh2tDbNB8RG60p_fUSdYlA&utm_medium=api&utm_source=ce5ae1a3&v=9ECDCAB17A47F48BC185A1CF789815A2FCDF10B4,"3rd Line / Infrastructure Engineer - Vmware / Nutanix Leading on projects - VMware & Hyper-V, Storage, Backup, DR, Design and Delivery of projects Build your Architecture & Design Skills, Valuable experience Subject Matter Expert - If you enjoy being the technical authority, shaping designs, improving systems, and making sure everything runs smoothly, this role will be right up your street. You’ll analyse requirements, design future-proof solutions, document them clearly, and lead the technical…",53087.4,53087.4,1,5697214950,2026-04-12T04:08:49Z,Infrastructure Engineer,53.799599,-1.54912,IT Jobs,it-jobs,Oscar,"['UK', 'Yorkshire And The Humber', 'West Yorkshire', 'Leeds']","Leeds, West Yorkshire",,
https://www.adzuna.co.uk/jobs/land/ad/5709491100?se=wh2tDbNB8RG60p_fUSdYlA&utm_medium=api&utm_source=ce5ae1a3&v=D4B6F4F257CB88DB1BE5219ADC385245D7188CA5,"The IT Support Admin will provide technical assistance and support across the organisation, ensuring smooth and efficient operations. This role is based in Redditch. Client Details My client is a large consumer brand organisation based in Redditch, Birmingham who are looking for a full time IT Support Administrator. Description Provide first-line IT support to internal teams and resolve technical issues promptly. Maintain and monitor IT systems, ensuring optimal performance and minimal downtime…",32000.0,35000.0,0,5709491100,2026-04-24T19:23:39Z,IT Support Admin,,,IT Jobs,it-jobs,Michael Page Business Support,"['UK', 'West Midlands', 'Worcestershire', 'Redditch']","Redditch, Worcestershire",full_time,permanent
https://www.adzuna.co.uk/jobs/land/ad/5684169153?se=wh2tDbNB8RG60p_fUSdYlA&utm_medium=api&utm_source=ce5ae1a3&v=37C2A1922D2B1541984348F5A58E246A9B4E8887,"Cyber Security Specialist (SecOps/GRC) Permanent Salary: Between £40,000 - £47,500 Leicester - Hybrid - 2-3 days a week Your new company I'm on the lookout for a Cyber Security Specialist with some experience spanning technical security operations and GRC. The ideal candidate is someone with fundamental security operations experience (SIEM, EDR, Vulnerability), who has also worked in alignment with any security frameworks. If you've handled audits/accreditations from a technical perspective tha…",40000.0,47500.0,0,5684169153,2026-03-31T15:36:23Z,Cyber Security Specialist (SecOps/GRC),52.6348,-1.12952,IT Jobs,it-jobs,Hays Specialist Recruitment Limited,"['UK', 'East Midlands', 'Leicestershire', 'Leicester']","Leicester, Leicestershire",full_time,permanent
https://www.adzuna.co.uk/jobs/land/ad/5709492321?se=wh2tDbNB8RG60p_fUSdYlA&utm_medium=api&utm_source=ce5ae1a3&v=DE005A854BEDC8D9A9121E5B2D302750CA5292D2,"Reporting Analyst - SQL - SSRS - Power BI We are working exclusively with our client who are based in the heart of Bristol. We have an open vacancy for a Reporting Analyst - SQL - SSRS - Power BI. The role is also HYBRID. ROLE SUMMARY Supporting the Reporting & Analytics Manager with the design and development of the BI platform and advanced analytics, ensuring it: Is trusted and fit for purpose Is scalable and performant Leverages contemporary advanced analytics capabilities and visualisations…",40000.0,45000.0,0,5709492321,2026-04-24T19:25:50Z,Reporting Analyst - SQL - SSRS - Power BI,,,IT Jobs,it-jobs,Proactive Appointments,"['UK', 'South West England', 'Bristol']","Bristol, South West England",full_time,permanent
https://www.adzuna.co.uk/jobs/land/ad/5677802380?se=wh2tDbNB8RG60p_fUSdYlA&utm_medium=api&utm_source=ce5ae1a3&v=2F81A4928283774D1028746984A64AC264F01495,"Location : Remote or Hybrid in our London office Salary : Up to £60,000 (dependent on experience) About the role We’re looking for a hands-on Senior HubSpot Implementation Consultant to own complex, data-driven HubSpot implementations end-to-end. You’ll lead CRM design and build , oversee migrations , and deliver reliable integrations with third-party systems. This is a delivery role - you’ll be the technical lead on implementations and the person clients trust to make HubSpot work properly. Ab…",57543.62,57543.62,1,5677802380,2026-03-25T06:34:59Z,HubSpot Solutions Architect,51.503378,-0.139134,IT Jobs,it-jobs,Pineo,"['UK', 'London']","London, UK",,
https://www.adzuna.co.uk/jobs/land/ad/5710227789?se=wh2tDbNB8RG60p_fUSdYlA&utm_medium=api&utm_source=ce5ae1a3&v=5AEF5FAD3FF04328288B3439DFB51A5C2CD25EC4,"Software Engineer Salary: Competitive, negotiable based on experience, plus benefits including a 7% pension contribution, 25 days holiday, and life insurance Location: Portsmouth, hybrid working Sirius Digital is a trusted provider of expertise in Software Engineering, Data Science, and AI, supporting clients in the defence, nuclear, space, and energy sectors. We specialise in software modelling and simulation, robotics and autonomous systems, as well as data science and engineering, delivering…",25.0,25.0,0,5710227789,2026-04-25T10:43:00Z,Software Engineer C++,50.858321,-1.09161,IT Jobs,it-jobs,Sirius Digital,"['UK', 'South East England', 'Hampshire', 'Portsmouth', 'Port Solent']","Port Solent, Portsmouth",,permanent
https://www.adzuna.co.uk/jobs/land/ad/5680300864?se=wh2tDbNB8RG60p_fUSdYlA&utm_medium=api&utm_source=ce5ae1a3&v=84E35A79EB0D77DC8302CB89B3E45A436BD0BDBB,"Our client, a leading national communications company, is looking to recruit a self-motivated, professional, and efficient Lead AV Engineer to supporting their client base and ensure that a first-class service is delivered. Reporting to the Technical Director duties will include: Attending client sites and resolving issues in a timely and neat manner. Communicating with clients. Self-motivated with a commitment to the issue at hand. Using problem solving skills to find faults and consistently p…",45000.0,45000.0,0,5680300864,2026-03-27T11:38:05Z,Lead AV Engineer,53.799599,-1.54912,IT Jobs,it-jobs,Clarify Consultancy Ltd,"['UK', 'Yorkshire And The Humber', 'West Yorkshire', 'Leeds']","Leeds, West Yorkshire",,permanent
https://www.adzuna.co.uk/jobs/land/ad/5696784424?se=wh2tDbNB8RG60p_fUSdYlA&utm_medium=api&utm_source=ce5ae1a3&v=DB75BEFB5DBC0B125C3263E54C2AB652CA21D56F,"Unit 4 ERP Consultant £650pd via Umbrella Fully remote with occasional client visits Part time basis - 3 days per week Leading business is looking to bring in an experienced Unit 4 ERP Technical Consultant to support the ERP Platform team in reducing technical debt and improving system performance. The U4ERP system has been live for 10 years, with a focus on enhancements around amendment logging, AG16s, and archiving/deletion routines. You'll also play a key role in delivering against the wider…",0.0,169000.0,0,5696784424,2026-04-11T18:34:07Z,Unit 4 ERP Consultant,,,IT Jobs,it-jobs,Sanderson Recruitment,"['UK', 'Yorkshire And The Humber', 'West Yorkshire', 'Normanton']","Normanton, West Yorkshire",part_time,
https://www.adzuna.co.uk/jobs/land/ad/5708330784?se=KD7vDbNB8RG60p_fUSdYlA&utm_medium=api&utm_source=ce5ae1a3&v=55B6F69BCE347F9E37A3E26A798FF2D530AF10E5,"Ready to make a high impact by shaping the future of a scalable platforms with your .NET and modern front-end expertise? Perch Group are looking for our a hands on Senior Software Engineer to join the team. At Perch Group , our vision is clear: to lead the UK debt purchase and collection industry by harnessing cutting-edge technology to drive ethical, efficient, and data-driven debt resolution. Our annual mission is to empower hundreds of thousands of customers to positively engage with and res…",73294.16,73294.16,1,5708330784,2026-04-23T13:50:52Z,Senior Software Engineer (Full Stack),53.480701,-2.23438,IT Jobs,it-jobs,Perch Group,"['UK', 'North West England', 'Greater Manchester', 'Manchester']","Manchester, Greater Manchester",,
https://www.adzuna.co.uk/jobs/land/ad/5709977322?se=KD7vDbNB8RG60p_fUSdYlA&utm_medium=api&utm_source=ce5ae1a3&v=CC204A298CF1901BFA0A46A4972FFBE2D6F62F3B,"High-growth infrastructure company focused on delivering large-scale compute, data centre capacity, and power solutions for advanced machine learning workloads. Platforms support leading research and industry teams requiring high-performance computing at significant scale. Fast-paced environment with emphasis on ownership, execution speed, and quality. Culture centred on pragmatic problem-solving, cross-functional collaboration, and full lifecycle responsibility. Role Overview: Position operati…",68610.38,68610.38,1,5709977322,2026-04-25T04:05:38Z,Senior Site Reliability Engineer,51.503378,-0.139134,IT Jobs,it-jobs,Realm,"['UK', 'London']","London, UK",,
https://www.adzuna.co.uk/jobs/land/ad/5706159155?se=KD7vDbNB8RG60p_fUSdYlA&utm_medium=api&utm_source=ce5ae1a3&v=589D391A123B7DDFE64ECD61E0E7ABE499025642,"Role: Senior Infrastructure Engineer - NetDevOps(SC Active) Location : Newcastle (preferred), Manchester, Leeds, Birmingham, Blackpool Peel Park Type : Hybrid working 3-days a week onsite IR35: inside Job Description: Role Overview We are looking for a Senior Infrastructure Engineer (NetDevOps) to design, build, and evolve large-scale enterprise network platforms, with a strong focus on modern, automated, and cloud-integrated infrastructure. This role is suited to a hands-on engineer, not an op…",143000.0,156000.0,0,5706159155,2026-04-21T13:01:09Z,Senior Infrastructure Engineer,53.814201,-3.05351,IT Jobs,it-jobs,Randstad Technologies,"['UK', 'North West England', 'Lancashire', 'Blackpool']","Blackpool, Lancashire",,contract
https://www.adzuna.co.uk/jobs/land/ad/5703709570?se=KD7vDbNB8RG60p_fUSdYlA&utm_medium=api&utm_source=ce5ae1a3&v=62E211805750199223EEA2679700B752FE59E291,"We’re working with a leading UK residential real estate services group backed by a major European parent company and operating across multiple well-known brands. The business is in a high-growth, acquisition phase , with a strong focus on modernising and standardising its technology landscape, making this a great time to join and have real impact. The Role We’re hiring a Modern Workplace Lead Engineer to take ownership of the organisation’s Microsoft 365 and end-user computing environment. This…",55315.36,55315.36,1,5703709570,2026-04-18T16:18:23Z,Modern Workplace Lead Engineer,,,IT Jobs,it-jobs,Qurated,"['UK', 'London', 'Central London', 'The City']","The City, Central London",,
https://www.adzuna.co.uk/jobs/land/ad/5689922124?se=KD7vDbNB8RG60p_fUSdYlA&utm_medium=api&utm_source=ce5ae1a3&v=5FA6C124B013F8D5A6B838848466C8DADA0A025A,"Systems Engineer – MoD/Government & Defence Industry Location: Redhill, Surrey, UK Department: MoD/Government Systems Engineering Employment Type: Full-Time About the Industry: The Government & Defence technology sector delivers secure, mission-critical communication and network systems that enable national resilience, intelligence sharing, and operational success across land, air, and sea domains. With ongoing investment in cyber-secure infrastructure , next-generation satellite systems , and …",51443.13,51443.13,1,5689922124,2026-04-04T16:44:25Z,Systems Engineer – MoD/Government & Defence Industry,51.240799,-0.170087,IT Jobs,it-jobs,Elvis Eckardt Recruitment,"['UK', 'South East England', 'Surrey', 'Redhill']","Redhill, Surrey",full_time,
https://www.adzuna.co.uk/jobs/land/ad/5701872636?se=KD7vDbNB8RG60p_fUSdYlA&utm_medium=api&utm_source=ce5ae1a3&v=F66C82BBA5B34EF44740C0853FE23FCA8AE8F8BD,"AWS Solution Architect £62,700 - £115,000 per annum GBP Hybrid WORKING Location: Central London, Greater London - United Kingdom Type: Permanent Role : AWS Solution Architect Salary : £62,700 - £115,000 per annum (Assistant Manager and Senior Manager grades)  package Location : London, Manchester or Birmingham (Hybrid 2-3 days per week on client site - depending on project) Security Clearance: Candidates must be eligible for Security Check (SC) clearance, demonstrating 5 years' continuous UK re…",100000.0,100000.0,0,5701872636,2026-04-16T22:35:26Z,AWS Solution Architect,,,IT Jobs,it-jobs,Anson Mccade,"['UK', 'London']","London, UK",,permanent
https://www.adzuna.co.uk/jobs/land/ad/5709459539?se=KD7vDbNB8RG60p_fUSdYlA&utm_medium=api&utm_source=ce5ae1a3&v=786C1F60CBE064C76FBFA30ABC95663DA4BB08F4,"Location: Lift Kingswood, Wawne Road, Hull, HU7 4WR. (with travel to other schools within the region when required) Salary: £33,309.80 - £36,974.88  wellbeing cash plan  pension scheme (LGPS)  additional Lift Schools benefits Hours: Full-time, 37 hours per week Contract: Permanent Start date: As soon as possible Build your career in technology. Make a difference in education. We're looking for a Technology Support Officer (TSO) to join our North Technology team, based at Lift Kingswood and supp…",28349.94,28349.94,1,5709459539,2026-04-24T18:49:43Z,Technology Support Officer,53.752901,-0.622591,IT Jobs,it-jobs,Lift Schools,"['UK', 'Yorkshire And The Humber', 'East Riding Of Yorkshire', 'Brough', 'Ellerker']","Ellerker, Brough",full_time,contract
https://www.adzuna.co.uk/jobs/land/ad/5702476890?se=KD7vDbNB8RG60p_fUSdYlA&utm_medium=api&utm_source=ce5ae1a3&v=EF6F0CB58442D72346CAB65C1722F91C4CCD5CD5,"Trainee Cyber Security Course Programme – Job Guarantee Included Complete online training designed to take you from zero experience to your first Cyber Security role. Study part-time, build fundamental skills, and get dedicated job placement support until you're hired. Flexible financing options available, with payment plans starting from as low as £142 per month. The Programme Complete this 8-10 week online training with just 2 hours per day of study time. You will learn industry-recognised me…",36596.38,36596.38,1,5702476890,2026-04-17T12:14:11Z,Cyber Security Starter Course (Derby),52.923456,-1.474217,IT Jobs,it-jobs,ITonlinelearning Recruitment,"['UK', 'East Midlands', 'Derbyshire', 'Derby', 'Pride Park']","Pride Park, Derby",part_time,
https://www.adzuna.co.uk/jobs/land/ad/5698414576?se=KD7vDbNB8RG60p_fUSdYlA&utm_medium=api&utm_source=ce5ae1a3&v=13A9E21BB25E576EF4C91EE21A732614F4F36B30,"Systems TrainerSalary: £28,000 – £34,000 Contract: 1-month temporary assignment Location: Washington, Sunderland Hours: Full-time, 95 - Fully Office Based I am working with a growing business who have an office based in the North East who are looking to recruit four Temporary System Trainers to support the rollout of a new system across there field service engineering teams. These roles will play a key part in ensuring engineers can confidently and effectively utilise the new platform in their …",28000.0,34000.0,0,5698414576,2026-04-13T22:13:46Z,System Trainer,,,IT Jobs,it-jobs,Elevation Recruitment Group,"['UK', 'North East England', 'Tyne & Wear']","Tyne & Wear, North East England",full_time,permanent
https://www.adzuna.co.uk/jobs/land/ad/5663593601?se=KD7vDbNB8RG60p_fUSdYlA&utm_medium=api&utm_source=ce5ae1a3&v=BF113D056F86E8F21D628A7FD516F851589F3B46,Job Title: Senior Cloud Engineer (contract) Location: London Hybrid. Travel to the London office on 3 days a week Duration: 11 months Contract Start Date: ASAP *note client onboarding takes 6 weeks from offer Day Rate: Competitive (Inside IR35) Deloitte Working with the Deloitte Associate (Contractor) Programme means we can offer you the opportunity to work on a variation of industry and client related projects. Our aim is to retain the best talent and so when your project end date nears our te…,97348.95,97348.95,1,5663593601,2026-03-13T15:44:00Z,Senior Cloud Engineer,,,IT Jobs,it-jobs,Deloitte,"['UK', 'London', 'Central London', 'The City']","The City, Central London",,contract
https://www.adzuna.co.uk/jobs/land/ad/5703709345?se=6nM4DrNB8RG559CN95vx2w&utm_medium=api&utm_source=ce5ae1a3&v=237EA4A04753E43470F0D5E5CBD1BF7FC52C78F4,"About Quantiphi: Quantiphi is an award-winning, AI-First digital engineering and consulting company focused on delivering high-impact Services and Solutions that help organizations solve what truly matters. We partner with enterprises to reimagine their businesses through intelligent, scalable, and transformative AI—driving measurable outcomes at the very core of their operations. Since our founding in 2013, Quantiphi has tackled some of the world’s most complex business challenges by combining…",107697.53,107697.53,1,5703709345,2026-04-18T16:17:53Z,MLOps Architect - AWS,,,IT Jobs,it-jobs,Quantiphi,['UK'],UK,full_time,
https://www.adzuna.co.uk/jobs/land/ad/5692750296?se=6nM4DrNB8RG559CN95vx2w&utm_medium=api&utm_source=ce5ae1a3&v=9F961FF448574BA711168C240309DEC4BC50A862,"Are you ready to start a new career in Data Analysis? The demand for Data Analysts has grown by 20% annually, with experienced professionals earning salaries upwards of £58,000. In today’s digital world, data is critical to business decision-making, making the role of a Data Analyst indispensable. As skills shortages continue to grow, the demand for qualified entry-level professionals is on the rise. With our Data Analytics career programme we will provide you with: 8 training modules: Excel, S…",25000.0,78000.0,0,5692750296,2026-04-08T04:29:38Z,Trainee Data Entry Clerk,,,IT Jobs,it-jobs,Newto Training,['UK'],UK,full_time,permanent
https://www.adzuna.co.uk/jobs/land/ad/5702476918?se=6nM4DrNB8RG559CN95vx2w&utm_medium=api&utm_source=ce5ae1a3&v=8E329B6EC581D435D1604E21442418E2F0617678,"Trainee Cyber Security Course Programme – Job Guarantee Included Complete online training designed to take you from zero experience to your first Cyber Security role. Study part-time, build fundamental skills, and get dedicated job placement support until you're hired. Flexible financing options available, with payment plans starting from as low as £142 per month. The Programme Complete this 8-10 week online training with just 2 hours per day of study time. You will learn industry-recognised me…",34061.45,34061.45,1,5702476918,2026-04-17T12:14:12Z,Cyber Security Starter Course (Crawley),51.117012,-0.184156,IT Jobs,it-jobs,ITonlinelearning Recruitment,"['UK', 'South East England', 'West Sussex', 'Crawley', 'Lowfield Heath']","Lowfield Heath, Crawley",part_time,
https://www.adzuna.co.uk/jobs/land/ad/5707304468?se=6nM4DrNB8RG559CN95vx2w&utm_medium=api&utm_source=ce5ae1a3&v=ED3764680DAD24C4DB0F2996117A351776B62C19,PMO Contract Role Umbrella Day Rate: £300 - £375/day Belfast - 3 days a week in office A leading global financial institution is seeking a PMO to support a high-profile global transformation programme within a leading international financial institution. Candidates should have: PMO experience within a financial services/consulting organisation. Strong understanding of change and transformation in a financial or capital markets environment. Has assisted in the delivery of complex global programs…,64068.07,64068.07,1,5707304468,2026-04-22T18:17:00Z,PMO - McGregor Boyall,,,IT Jobs,it-jobs,McGregor Boyall,['UK'],UK,full_time,contract
https://www.adzuna.co.uk/jobs/land/ad/5656315701?se=6nM4DrNB8RG559CN95vx2w&utm_medium=api&utm_source=ce5ae1a3&v=F1EFC68E1B0E16CA1266DE4649D0D325AAC4B1C4,"At Capgemini Engineering, the world leader in engineering services, we bring together a global team of engineers, scientists, and architects to help the world’s most innovative companies unleash their potential. From autonomous cars to life-saving robots, our digital and software technology experts think outside the box as they provide unique R&D and engineering services across all industries. Join us for a career full of opportunities. Where you can make a difference. Where no two days are the…",52567.13,52567.13,1,5656315701,2026-03-06T15:28:14Z,Senior OT Solutions Architect,,,IT Jobs,it-jobs,Capgemini Engineering,"['UK', 'West Midlands', 'Birmingham']","Birmingham, West Midlands",,
https://www.adzuna.co.uk/jobs/land/ad/5703708804?se=6nM4DrNB8RG559CN95vx2w&utm_medium=api&utm_source=ce5ae1a3&v=F20D7A85B17BE3852EF2C568516D87EED7062E9A,"Looking to Escape the Hustle and Bustle of City Life? Imagine building high-impact digital platforms – from a beautiful rural location, with a relocation bonus to help make it happen. If you’re an experienced Technical Architect or Software Architect ready for a fresh start in a quieter part of the UK, this could be your perfect move. Our client is offering a full-time, permanent position , based 2–3 days a week onsite in a rural UK location – far from traffic jams, noise, and high living costs…",98774.25,98774.25,1,5703708804,2026-04-18T16:16:45Z,Senior Digital Solutions Architect - (E-commerce) - to £120k - Relocate out the city - ID44371,53.480701,-2.23438,IT Jobs,it-jobs,Humand Talent,"['UK', 'North West England', 'Greater Manchester', 'Manchester']","Manchester, Greater Manchester",full_time,permanent
https://www.adzuna.co.uk/jobs/land/ad/5702476449?se=6nM4DrNB8RG559CN95vx2w&utm_medium=api&utm_source=ce5ae1a3&v=B8F03FAB0E7C6DE658FD93C2B000E0E5B3866ED0,"Trainee Cyber Security Course Programme – Job Guarantee Included Complete online training designed to take you from zero experience to your first Cyber Security role. Study part-time, build fundamental skills, and get dedicated job placement support until you're hired. Flexible financing options available, with payment plans starting from as low as £142 per month. The Programme Complete this 8-10 week online training with just 2 hours per day of study time. You will learn industry-recognised me…",39729.21,39729.21,1,5702476449,2026-04-17T12:14:06Z,Cyber Security Starter Course - Expert Tutor Support and Live Labs Experience (Swindon),51.55894,-1.78234,IT Jobs,it-jobs,ITonlinelearning Recruitment,"['UK', 'South West England', 'Wiltshire', 'Swindon', 'West Leaze']","West Leaze, Swindon",part_time,
https://www.adzuna.co.uk/jobs/land/ad/5690421273?se=6nM4DrNB8RG559CN95vx2w&utm_medium=api&utm_source=ce5ae1a3&v=6504344DA3FF103F300753606C736EC33473C831,"Web Developer (eCommerce / Salesforce Commerce Cloud) Permanent London (Hybrid 2 days per week) Up to £55,000 per annum We are partnering with a growing consumer-focused business investing heavily in its digital and eCommerce capability. They are looking to hire a Web Developer to support the development, optimisation, and ongoing evolution of their D2C platform. The Role You will play a key role in building and maintaining a high-performing eCommerce website, working within a collaborative pro…",46751.32,46751.32,1,5690421273,2026-04-05T05:49:34Z,Web Developer,,,IT Jobs,it-jobs,TechNET IT Recruitment Ltd,"['UK', 'London', 'Central London', 'The City']","The City, Central London",,permanent
https://www.adzuna.co.uk/jobs/land/ad/5701121622?se=6nM4DrNB8RG559CN95vx2w&utm_medium=api&utm_source=ce5ae1a3&v=CEC393FD19BA77346FCCB7D99C1963589F4087D5,"This is a unique opportunity for technically strong hands-on engineering SME to join a cutting-edge platform engineering function, which provides cloud and on-prem infrastructure to front-office developers (quantitative and strat teams). You’ll be at the forefront of cloud-native engineering, working with modern technologies across AWS, On-premise Kubernetes, Python, and data pipelines. If you are passionate about solving hard technical problems, staying current with trends like AI Engineering,…",62778.93,62778.93,1,5701121622,2026-04-16T06:59:57Z,GenAI Platform Engineer - Investment Banking,55.86026,-4.25596,IT Jobs,it-jobs,Caspian One,"['UK', 'Scotland', 'Glasgow']","Glasgow, Scotland",,
https://www.adzuna.co.uk/jobs/land/ad/5705259196?se=6nM4DrNB8RG559CN95vx2w&utm_medium=api&utm_source=ce5ae1a3&v=D2ED9F2B10E1B4BD38D5922552CFACF7FBC77998,"The Role The company is looking for a Mid-Level Front End Developer to help design and build high-quality web applications. You will work closely with product managers, designers, and backend developers to create responsive, intuitive, and high-performance user interfaces. This role will involve contributing to new product features, improving existing functionality, and helping shape the overall front-end architecture of the platform. Key Responsibilities • Develop modern, responsive web applic…",45000.0,60000.0,0,5705259196,2026-04-20T14:51:08Z,Mid Level Front End Developer,,,IT Jobs,it-jobs,Kingsgate Recruitment Ltd,"['UK', 'North West England', 'Greater Manchester', 'Manchester']","Manchester, Greater Manchester",full_time,permanent
https://www.adzuna.co.uk/jobs/land/ad/5703708771?se=NCeGDrNB8RG559CN95vx2w&utm_medium=api&utm_source=ce5ae1a3&v=C55BF72132C142301ED15B09A17B0EABFB503384,"About the Role We’re seeking a hands-on Functional Integration Lead to drive the delivery of system integration and verification activities. Initially, you’ll focus on integrating subsystems, implementing updates, and bringing new components into operational setups. As the programme develops, you’ll contribute to integration strategies and explore advanced testing approaches. You’ll work closely with project teams, suppliers, and stakeholders, providing leadership across integration campaigns a…",58100.18,58100.18,1,5703708771,2026-04-18T16:16:42Z,Lead Integration Engineer,51.841806,-0.219628,IT Jobs,it-jobs,Innovate,"['UK', 'Eastern England', 'Hertfordshire']","Hertfordshire, Eastern England",,
https://www.adzuna.co.uk/jobs/land/ad/5699378463?se=NCeGDrNB8RG559CN95vx2w&utm_medium=api&utm_source=ce5ae1a3&v=180E6449F6E4919068EC6A87DAFA92DF56D5854F,"Microsoft Copilot Specialist UK Remote / Monthly visits to Yorkshire 3-Month Fixed Term Contract initially £45,000 - £60,000 (Pro-Rata)  38 days holiday, 35-hour work week and great benefits This successful company with £50m yearly turnover is on the market for a Microsoft Copilot Specialist to join their team on a 3-month fixed term contract initially. The business needs a Power Platform and Copilot specialist to join provide solutions and real everyday productivity enhancements by building th…",60000.0,60000.0,0,5699378463,2026-04-14T22:33:31Z,Microsoft Copilot Specialist,,,IT Jobs,it-jobs,Erin Associates,"['UK', 'North West England', 'Greater Manchester', 'Manchester']","Manchester, Greater Manchester",,contract
https://www.adzuna.co.uk/jobs/land/ad/5703537811?se=NCeGDrNB8RG559CN95vx2w&utm_medium=api&utm_source=ce5ae1a3&v=BE865124E6DB8F71E06A492C8F18779952A380A8,"BI Analyst At IVC Evidensia, we are a leading veterinary services provider in Europe and North America with more than 2,500 clinics and hospitals across 19 countries and around 42,000 employees. We aim to have an extraordinary impact on animal lives, supporting in the region of 25,000 animals every single day across our international network. IVC Evidensia exists to champion the long-term health and welfare of animals and deliver our purpose of Healthy Animals, Happy Owners. In this role, you w…",44155.75,44155.75,1,5703537811,2026-04-18T11:57:49Z,BI Analyst - IVC Evidensia,51.416302,-2.49883,IT Jobs,it-jobs,IVC Evidensia,"['UK', 'South West England', 'Bristol', 'Keynsham']","Keynsham, Bristol",full_time,
https://www.adzuna.co.uk/jobs/land/ad/5692988156?se=NCeGDrNB8RG559CN95vx2w&utm_medium=api&utm_source=ce5ae1a3&v=C71F1F32CA8428FF2746BC2C31C0410527AD4133,"Data Center Operations Manager | Honefoss, Norway | 6 weeks | Travel from UK to Norway for a short term contract | £600 p/d (Inside IR35) A large consultancy we are working with are hiring for a data center operations manager in the UK to join their large end client in Norway for a short term contract (6 weeks). Some expenses for travel will be covered, and we are offering a daily rate of £600 p/d. Key Responsibilities: Look after day to day data center operations, ensuring effective reliabilit…",69306.74,69306.74,1,5692988156,2026-04-08T10:22:20Z,Datacenter Operations Manager,,,IT Jobs,it-jobs,Oscar Associates  Limited,['UK'],UK,,contract
https://www.adzuna.co.uk/jobs/land/ad/5707332472?se=NCeGDrNB8RG559CN95vx2w&utm_medium=api&utm_source=ce5ae1a3&v=63ADEB5957E1EF4F3FE0CA55A7CB71E6E9D4DDB2,"AI Product Developer (AI Foundry) Location: Leeds (Hybrid 3 days onsite) Contract: 3 Months (Immediate Start) Rate: Competitive (Market Rates) The Opportunity We are working with a leading global technology consultancy to recruit an AI Product Developer for a high-impact engagement within the financial services sector. This is an excellent opportunity to work on cutting-edge AI solutions, designing and delivering Copilot and LLM-powered products within a rapidly evolving AI Foundry environment.…",117000.0,130000.0,0,5707332472,2026-04-22T19:01:51Z,AI Product Developer (AI Foundry),53.799599,-1.54912,IT Jobs,it-jobs,DCV Technologies Limited,"['UK', 'Yorkshire And The Humber', 'West Yorkshire', 'Leeds']","Leeds, West Yorkshire",,contract
https://www.adzuna.co.uk/jobs/land/ad/5690543908?se=NCeGDrNB8RG559CN95vx2w&utm_medium=api&utm_source=ce5ae1a3&v=E1C34BBE30FF76241913FF221DB7F1107AEE3840,"About Doherty Associates ​ Doherty Associates (DA) has delivered IT solutions for over 30 years to some of the world’s most prestigious and demanding clients. We focus on professional and financial services sectors, including private equity, venture capital, and legal firms, including the top ten UK law firms. We are a Microsoft Gold Partner, a Tier 1 Microsoft CSP relationship and are ISO27001 & ISO9001 accredited.We’re a pioneering and innovative organization; we pride ourselves on our passio…",41909.21,41909.21,1,5690543908,2026-04-05T11:26:33Z,Service Desk Team Leader,51.503378,-0.139134,IT Jobs,it-jobs,Doherty Associates,"['UK', 'London']","London, UK",,
https://www.adzuna.co.uk/jobs/land/ad/5704317896?se=NCeGDrNB8RG559CN95vx2w&utm_medium=api&utm_source=ce5ae1a3&v=087CC57A3FF9C2AC9A36B67C09784DCE0C56B410,"Director of Product and Technology London HQ or Cardiff Gate with hybrid working 35 hours, Permanent £122,718 - £ 134,739 per annum plus London Weighting of £5424 per annum if applicable* Shape digital products that support the nursing profession across the UK There's more to the Royal College of Nursing (RCN) than you might expect. We're a professional body and trade union representing over half a million nurses, midwives, nursing support workers and students. Everything we do is focused on ma…",122718.0,134739.0,0,5704317896,2026-04-19T07:53:46Z,Director of Product & Technology,51.4813,-3.1805,IT Jobs,it-jobs,ROYAL COLLEGE OF NURSING,"['UK', 'Wales', 'Cardiff County', 'Cardiff']","Cardiff, Cardiff County",full_time,permanent
https://www.adzuna.co.uk/jobs/land/ad/5679384880?se=NCeGDrNB8RG559CN95vx2w&utm_medium=api&utm_source=ce5ae1a3&v=640C1D9FA1AF4B59136818A8BF4A6DC4B6EBD510,"This is a truly unique opportunity to join a small, highly specialised tech business, working on genuinely cutting-edge hardware used by global technology companies, yet located in one of the most beautiful locations on earth. Their products sit right at the heart of modern computing infrastructure, and demand is growing. This role is fully onsite, in the heart of the Scottish Highlands, so if you have dreamt of leaving the rat race and the commute behind you, this could be for you. I am lookin…",60000.0,60000.0,0,5679384880,2026-03-26T19:49:29Z,Senior Hardware Engineer - Relocate to Scottish Highlands,56.79918,-4.254873,IT Jobs,it-jobs,Cathcart Technology,"['UK', 'Scotland']","Scotland, UK",,permanent
https://www.adzuna.co.uk/jobs/land/ad/5698451283?se=NCeGDrNB8RG559CN95vx2w&utm_medium=api&utm_source=ce5ae1a3&v=655DAB3CA8533C472E62F0838E026957EC2FCECA,Become a Professional Game Tester We're looking for passionate gamers to join our elite team of mobile game testers. Get paid to play and test the latest games before they launch. £365 Avg Monthly Pay 5-10 Hours/Week 100% Remote This opportunity is open to users in the UK Position Requirements: Must be 18 years or older Own a smartphone or tablet Able to commit 5-10 hours per week Strong attention to detail Reliable internet connection,39470.96,39470.96,1,5698451283,2026-04-13T23:45:48Z,Remote Game Tester,51.608601,-3.66041,IT Jobs,it-jobs,Babki,"['UK', 'Wales', 'Bridgend County', 'Maesteg']","Maesteg, Bridgend County",,
https://www.adzuna.co.uk/jobs/details/5692501238?utm_medium=api&utm_source=ce5ae1a3,"Senior Cyber Security Engineer Reading/Hybrid (one day per week in the office) Salary: £65,000-£75,000 We are working with a leading UK pensions and insurance consulting and administration business. A FTSE 250 company, our client works with over 1,400 pension schemes, administers over one million member accounts, and supports insurance companies in the life and bulk annuities sector. ABOUT THE ROLE You will join an expanding cyber security team working alongside internal engineers, security ope…",65000.0,75000.0,0,5692501238,2026-04-08T01:49:32Z,Senior Cyber Security Engineer,51.455002,-0.969088,IT Jobs,it-jobs,Proactive Appointments,"['UK', 'South East England', 'Berkshire', 'Reading']","Reading, Berkshire",full_time,permanent
https://www.adzuna.co.uk/jobs/details/5705181131?utm_medium=api&utm_source=ce5ae1a3,"Project Manager - Global Programme Team  Peterborough (site-based) ⏳ 12-month contract (likely to extend)  Up to £40.72 per hour (depending on experience) The Opportunity We're looking for an experienced Project Manager to join a dynamic Global Programme Management team supporting a wide portfolio of projects across a large, complex organisation. This is a fantastic opportunity to gain exposure across multiple business areas while working in a fast-paced, high-impact environment. You'll play a …",72800.0,84697.0,0,5705181131,2026-04-20T11:13:08Z,Project Manager,52.612739,-0.076898,IT Jobs,it-jobs,83zero Ltd,"['UK', 'Eastern England', 'Peterborough', 'Thorney']","Thorney, Peterborough",,contract
https://www.adzuna.co.uk/jobs/details/5706643950?utm_medium=api&utm_source=ce5ae1a3,"About the job Mercor connects elite creative and technical talent with leading AI research labs. Headquartered in San Francisco, our investors include Benchmark , General Catalyst , Peter Thiel , Adam D'Angelo , Larry Summers , and Jack Dorsey . Position: Lawyer Type: Contract Compensation: $90–$150/hour Location: Remote Duration: 3–4 weeks Commitment: 15–30 hours/week Role Responsibilities Create tasks and deliverables for common requests within the legal domain. Diagnose and solve real issues…",48372.28,48372.28,1,5706643950,2026-04-22T02:12:24Z,Attorney,51.503378,-0.139134,IT Jobs,it-jobs,Mercor,"['UK', 'London']","London, UK",,contract
https://www.adzuna.co.uk/jobs/land/ad/5708137947?se=MnzODrNB8RG559CN95vx2w&utm_medium=api&utm_source=ce5ae1a3&v=C94EA7E86C831129E35D793E74B18278EF46154B,"Performance Manager (Call Centre & Salesforce) Location: Redditch, Office based Salary: £40,000 We are seeking an experienced Performance Manager to join our client in Redditch. This role is ideal for someone with a strong background in call centre environments, who excels at analysing performance data and driving continuous improvement. Key Responsibilities: Monitor and analyse performance metrics across all departments to identify trends and areas for improvement Extract and interpret data fr…",40000.0,40000.0,0,5708137947,2026-04-23T10:36:14Z,Performance Manager (Call Centre & Salesforce),52.306599,-1.94404,IT Jobs,it-jobs,Elliott Recruitment Solutions Limited,"['UK', 'West Midlands', 'Worcestershire', 'Redditch']","Redditch, Worcestershire",,permanent
https://www.adzuna.co.uk/jobs/details/5699479043?utm_medium=api&utm_source=ce5ae1a3,"Advanced Specialist, Product Management - Art & Design and Creative Media Product | Vocational Qualifications, Enterprise Learning and Skills (ELS) Description In this role, you will shape and deliver market-leading product and service propositions across Art & Design and Creative Media. You'll use market insight, stakeholder collaboration, and commercial expertise to grow revenue, strengthen market position, and deliver impactful learning solutions. This role aligns with industry titles such a…",48654.5,48654.5,1,5699479043,2026-04-15T01:04:42Z,Advanced Specialist - Product Management (Art and Media),51.503378,-0.139134,IT Jobs,it-jobs,Pearson,"['UK', 'London']","London, UK",,
https://www.adzuna.co.uk/jobs/details/5210481243?utm_medium=api&utm_source=ce5ae1a3,"Introduction In this role, you'll work in our IBM Client Innovation Center (CIC), where we deliver deep technical and industry expertise to a wide range of public and private sector clients around the world. These centers offer our clients locally based skills and technical expertise to drive innovation and adoption of new technology As an Application Developer, you will lead IBM into the future by translating system requirements into the design and development of customized systems in an agile…",49008.89,49008.89,1,5210481243,2025-05-22T08:54:34Z,Application Developer: SAP UX,,,IT Jobs,it-jobs,ibm,['UK'],UK,full_time,
https://www.adzuna.co.uk/jobs/details/5676354588?utm_medium=api&utm_source=ce5ae1a3,"Senior Design Engineer Certain Advantage is hiring for a Senior Design Engineer based in the Derby area. This role is on a permanent or contract basis and is site-based. The Company Were working with an engineering company specialising in managing complex infrastructure projects, with a strong focus on nuclear energy, renewable energy, and digital transformation solutions. Does this sound like your next career move? If youre ambitious to grow, this may be your next role? The Role: This role is …",65000.0,65000.0,0,5676354588,2026-03-23T22:33:52Z,Senior Design Engineer,52.921902,-1.47564,IT Jobs,it-jobs,Certain Advantage,"['UK', 'East Midlands', 'Derbyshire', 'Derby']","Derby, Derbyshire",,contract
https://www.adzuna.co.uk/jobs/details/5702459386?utm_medium=api&utm_source=ce5ae1a3,"Contract: Full-Time, Permanent Desired Start Date: March/April About STATSports: What if the product you helped to build next week was worn by an elite athlete the week after? At STATSports, that could be your reality. Since 2007, we’ve grown from a small Irish start-up into the global leader in GPS performance tracking, trusted by the world’s biggest clubs, leagues, and athletes. Our technology sits at the intersection of hardware, software, and sport, helping teams optimise performance, reduc…",42411.72,42411.72,1,5702459386,2026-04-17T11:29:46Z,Firmware Engineer,54.161604,-6.441762,IT Jobs,it-jobs,STATSports,"['UK', 'Northern Ireland', 'Newry & Mourne', 'Newry', 'Lislea']","Lislea, Newry",full_time,permanent
https://www.adzuna.co.uk/jobs/details/5656371050?utm_medium=api&utm_source=ce5ae1a3,"Join us in bringing joy to customer experience. Five9 is a leading provider of cloud contact center software, bringing the power of cloud innovation to customers worldwide. Living our values everyday results in our team-first culture and enables us to innovate, grow, and thrive while enjoying the journey together. We celebrate diversity and foster an inclusive environment, empowering our employees to be their authentic selves. Five9 is a dynamic growing company is seeking to hire a Telecom Conn…",44325.74,44325.74,1,5656371050,2026-03-06T16:07:10Z,Project Manager - Telecom Connectivity,,,IT Jobs,it-jobs,Five9,['UK'],UK,,contract
https://www.adzuna.co.uk/jobs/land/ad/5707033841?se=MnzODrNB8RG559CN95vx2w&utm_medium=api&utm_source=ce5ae1a3&v=61BD9DFC94E7C501E9047F8BCF544889D562C1A1,About Cloud Bridge: Cloud Bridge are a fast-paced company specialising in the optimisation and delivery of professional services and managed services around all aspects of Public Cloud solutions with a specific focus on AWS. We are looking to jumpstart our apprenticeship programme and are inviting interested individuals to join the company as our Data Analyst Apprentice - Level 4. About the role: A Cloud Bridge Data Analyst apprenticeship is anything but standard. As well as developing technica…,18000.0,18000.0,0,5707033841,2026-04-22T11:11:47Z,Data Analyst Apprentice,,,IT Jobs,it-jobs,QA,"['UK', 'North West England', 'Greater Manchester', 'Manchester']","Manchester, Greater Manchester",full_time,permanent
https://www.adzuna.co.uk/jobs/details/5680199081?utm_medium=api&utm_source=ce5ae1a3,"AI for drug design is limited by sparse and fragmented data. deepmirror is an AI-native drug design platform built around curated, non-public experimental molecule property measurements (potency, binding, ADMET) aggregated from patents, papers, and partners. We help chemistry teams choose the next best experiments to progress programs faster with fewer dead ends. Since launching in 2023, our platform is now used by hundreds of chemists across the globe to impact real world drug programs in onco…",57726.76,57726.76,1,5680199081,2026-03-27T09:46:04Z,ML Engineer (Properties),51.503378,-0.139134,IT Jobs,it-jobs,deepmirror,"['UK', 'London']","London, UK",,
https://www.adzuna.co.uk/jobs/details/5705271418?utm_medium=api&utm_source=ce5ae1a3,".NET Developer, .NET 9, C# - Global Internet Icon - Hitchin (Tech stack: .NET Developer, .NET 10.0, ASP.NET Core, C# 14, .NET MAUI, ML.NET, Azure AI, GitHub Copilot, Docker, Kubernetes, .NET Aspire, CI/CD, HTML Living Standard, CSS Living Standard, Programmer, Full Stack Engineer, Architect, .NET Developer) Our client has long been a classic internet icon; today it has evolved into an integrated and diversified modern media company. We are seeking .NET Developer to work on one of the most ambit…",50000.0,75000.0,0,5705271418,2026-04-20T15:01:03Z,.NET Developer,51.959672,-0.266363,IT Jobs,it-jobs,Noir,"['UK', 'Eastern England', 'Hertfordshire', 'Hitchin', 'Ickleford']","Ickleford, Hitchin",full_time,permanent
https://www.adzuna.co.uk/jobs/land/ad/5698419385?se=yrEUD7NB8RG559CN95vx2w&utm_medium=api&utm_source=ce5ae1a3&v=0C1DB67359935972DF5486E873B063361C9DE527,"IT Support Engineer Salary: Up to £40,000 Location: Leicester (site-based with some travel) We are recruiting for an IT Support Engineer to join a growing UK business supporting users across multiple sites. This is a hands-on, varied role covering day-to-day IT support as well as involvement in upgrades, rollouts and general improvements across the business. It would suit someone who enjoys problem solving and being on-site rather than working purely on a service desk. The role: * Provide 1st a…",30000.0,40000.0,0,5698419385,2026-04-13T22:29:21Z,IT Technician,51.448252,-2.060621,IT Jobs,it-jobs,Euro-Projects Recruitment Ltd,"['UK', 'South West England', 'Wiltshire', 'Chippenham', 'Stanley']","Stanley, Chippenham",full_time,
https://www.adzuna.co.uk/jobs/land/ad/5709492337?se=yrEUD7NB8RG559CN95vx2w&utm_medium=api&utm_source=ce5ae1a3&v=45A3ACCA06D48A7D9B890E8468AC67D5F647017A,"We are seeking an Intern Developer with strong communication skills and a keen interest in Financial Services. This role offers the opportunity to work closely with front office users, including traders and risk analysts, providing significant exposure to a variety of financial products. The ideal candidate will have experience in C# coding and a desire to rapidly expand their knowledge within the financial sector. Key Responsibilities are, but are not limited to: Manage incremental and BAU pro…",44024.48,44024.48,1,5709492337,2026-04-24T19:25:54Z,12x Internship C# Developer,51.503378,-0.139134,IT Jobs,it-jobs,Reed,"['UK', 'London']","London, UK",,contract
https://www.adzuna.co.uk/jobs/details/5701474804?utm_medium=api&utm_source=ce5ae1a3,"SAP Business Analyst Reference: 37149557 Umbrella Rate: £27.30/hr (Inside IR35) Are you ready to elevate your career and make a tangible impact in the logistics and automotive sector? This is your chance to join a dynamic and forward-thinking company as an SAP Business Analyst. With a focus on innovation, this role offers you the opportunity to work on cutting-edge SAP S/4HANA systems while collaborating with industry experts to deliver exceptional results. If you're passionate about solving co…",56784.0,56784.0,0,5701474804,2026-04-16T14:10:32Z,SAP Business Analyst,52.4147,-1.7743,IT Jobs,it-jobs,Jonathan Lee Recruitment,"['UK', 'West Midlands', 'Solihull']","Solihull, West Midlands",,contract
https://www.adzuna.co.uk/jobs/details/5710796746?utm_medium=api&utm_source=ce5ae1a3,"Salary: £28,000 - 32,000 per year Requirements: Experience with Microsoft Windows 7 onwards and Office 2010 onwards Strong experience with Microsoft 365 Exposure to infrastructure devices such as switches, routers, and firewalls Experience working within a busy IT support desk environment 2–3 years experience in IT support within the managed services sector Full UK driving licence and access to own vehicle Excellent customer service and communication skills Strong attention to detail and abilit…",28000.0,32000.0,0,5710796746,2026-04-26T04:29:41Z,IT Support Engineer,50.38141,-4.138574,IT Jobs,it-jobs,YourRecruit,"['UK', 'South West England', 'Plymouth', 'Peverell']","Peverell, Plymouth",full_time,
https://www.adzuna.co.uk/jobs/details/5710687241?utm_medium=api&utm_source=ce5ae1a3,Job Title: Solutions Architect Department: Public Sector Services Management Responsibility for: No Travel Required: Yes Reports to: SVP Business Development Location: Home Based / On-site as required Contract Type: Permanent Salary: £60K to £80K per year Job Summary / Overview Solution Architect – Public Sector Grow th This is an exciting opportunity to join TP at a pivotal stage of growth as a Solution Architect within the Public Sector Growth team. You will be responsible for shaping and art…,64744.38,64744.38,1,5710687241,2026-04-26T01:07:29Z,Solutions Architect Public Sector - Remote,51.455299,-2.5919,IT Jobs,it-jobs,Teleperformance,"['UK', 'South West England', 'Bristol']","Bristol, South West England",,permanent
https://www.adzuna.co.uk/jobs/details/5710435640?utm_medium=api&utm_source=ce5ae1a3,"Work on Technology That Protects What Matters At SiXworks , we build secure digital solutions that support Defence and National Security missions . Our teams work on complex problems where reliability, security, and speed of innovation matter. We’re looking for a Lead Technical Architect who enjoys solving difficult technical challenges and wants their work to have real operational impact. What You’ll Do As a Lead Technical Architect , you’ll lead a comprehensive assessment of a client’s ultra‑…",73575.27,73575.27,1,5710435640,2026-04-25T19:19:43Z,Lead Technical Architect,51.279337,-0.792424,IT Jobs,it-jobs,SiXworks,"['UK', 'South East England', 'Hampshire', 'Farnborough']","Farnborough, Hampshire",,contract
https://www.adzuna.co.uk/jobs/details/5702330596?utm_medium=api&utm_source=ce5ae1a3,"Please submit your CV in English and indicate your level of English proficiency. Mindrift connects specialists with project-based AI opportunities for leading tech companies, focused on testing, evaluating, and improving AI systems. Participation is project-based, not permanent employment. What this opportunity involves While each project involves unique tasks, contributors may: Design original computational STEM problems that simulate real scientific workflows Create problems that require Pyth…",69443.96,69443.96,1,5702330596,2026-04-17T08:47:21Z,Freelance Machine Learning Engineer,55.86026,-4.25596,IT Jobs,it-jobs,Mindrift,"['UK', 'Scotland', 'Glasgow']","Glasgow, Scotland",part_time,contract
https://www.adzuna.co.uk/jobs/details/5498329811?utm_medium=api&utm_source=ce5ae1a3,"About DELLI DELLI exists to empower the independent economy, the makers, creators, and producers whose craft shapes the way the world tastes, feels, and connects. We imagine a world where every maker has a companion; a quiet, intelligent partner who handles the chaos so they can stay focused on the joy of creating. Every day, millions of small businesses lose hours to invisible labour — the unseen admin, the back-and-forth messages, the clarifications, the late-night catch-up that keeps everyth…",70.0,90.0,0,5498329811,2025-11-15T20:48:25Z,Full-Stack Engineer (AI-Native),51.503378,-0.139134,IT Jobs,it-jobs,DELLI,"['UK', 'London']","London, UK",full_time,
https://www.adzuna.co.uk/jobs/details/5682477287?utm_medium=api&utm_source=ce5ae1a3,"Date Posted: 2026-03-27 Country: United Kingdom Location: Warminster, Wiltshire Position Role Type: Unspecified About us: At OMNIA® Training, we've brought together some of the UK's most innovative defence training organisations under one powerful mission: to transform the British Army's training system and create the best-trained Army in the world. OMNIA are redefining the British Army's collective training. To do that, we are looking for the best and brightest minds from across the UK. We are…",64379.76,64379.76,1,5682477287,2026-03-29T23:02:40Z,AI Solution Engineer,51.204899,-2.18122,IT Jobs,it-jobs,RTX Corporation,"['UK', 'South West England', 'Wiltshire', 'Warminster']","Warminster, Wiltshire",,
https://www.adzuna.co.uk/jobs/details/5710432451?utm_medium=api&utm_source=ce5ae1a3,"We're putting together a talented team to build the 1 training platform for Runners We help everyday runners become outstanding by building an incredible app providing world-class training, coaching and community for everyone, whether you're improving your 5k time or training for your first marathon. We’re growing extremely fast! In November 2023 we closed a $6.5M funding round led by JamJar with participation from Eka Ventures, Venrex and Creator Ventures. In 2024, we were selected by Apple as…",70125.0,78375.0,0,5710432451,2026-04-25T19:14:23Z,Senior Software Engineer I,,,IT Jobs,it-jobs,Runna,"['UK', 'London']","London, UK",full_time,
https://www.adzuna.co.uk/jobs/land/ad/5680212641?se=dNNhD7NB8RG60p_fUSdYlA&utm_medium=api&utm_source=ce5ae1a3&v=4B3DEAFBC71660B164451FBC13460E0747F9B534,"End Date Friday 01 May 2026 Salary Range £72,702 - £109,053 We support flexible working – click here for more information on flexible working options Flexible Working Options Hybrid Working, Job Share Job Description Summary Software Engineer will lead technical development and delivery at Team and sometimes Lab level. They can be a Line Manager who will act as co-lead with the Team PO for overall delivery. In these cases, they will be responsible for overall tech delivery, line management & ap…",72702.0,109053.0,0,5680212641,2026-03-27T10:43:30Z,Senior Software Engineer (Cards),,,IT Jobs,it-jobs,Lloyds Bank,['UK'],UK,full_time,
https://www.adzuna.co.uk/jobs/details/5583026649?utm_medium=api&utm_source=ce5ae1a3,"Description Application Engineer Location: Huntingdon, Cambridgeshire, UK (F/T Site) Security Clearance Level: DV UNLEASH YOUR POTENTIAL Leidos has more than 30 years' experience of developing and running some of the largest government systems in the world. We are currently hiring to expand our UK based technical team who support our delivery for the UK Govt. Come join our team and further develop your skills as we deliver and support systems key to the defence of the UK and partner nations. Be…",54156.14,54156.14,1,5583026649,2026-01-13T21:21:46Z,Application Engineer,52.3293,-0.185363,IT Jobs,it-jobs,Leidos,"['UK', 'Eastern England', 'Cambridgeshire', 'Huntingdon']","Huntingdon, Cambridgeshire",full_time,contract
https://www.adzuna.co.uk/jobs/land/ad/5665229013?se=dNNhD7NB8RG60p_fUSdYlA&utm_medium=api&utm_source=ce5ae1a3&v=1537BFE7A9B55BA8F7D605DA5AE733E802BD5705,"Description Join us and shape the future of technology with a team that values creativity, collaboration, and continuous learning. Here, you’ll have the chance to push boundaries, solve complex challenges, and make a real impact on our business and your career. We empower you to grow, develop new skills, and contribute to a culture of inclusion and respect. Discover how your expertise can help us deliver trusted, market-leading products. As a Lead Software Engineer at JPMorgan Chase in the FX S…",60081.09,60081.09,1,5665229013,2026-03-14T10:22:39Z,Lead Software Engineer - UI - React,51.503378,-0.139134,IT Jobs,it-jobs,JPMorganChase,"['UK', 'London']","London, UK",full_time,
https://www.adzuna.co.uk/jobs/details/5696593136?utm_medium=api&utm_source=ce5ae1a3,"Mark43 is approved to hire in Canada, the UK, and 36 U.S. states, including Alabama, Arizona, California (excluding San Francisco), Colorado, Connecticut, Washington D.C., Florida, Georgia, Iowa, Idaho, Illinois, Indiana, Kansas, Massachusetts, Maryland, Maine, Michigan, Minnesota, Missouri, North Carolina, Nebraska, New Hampshire, New Jersey, New Mexico, New York, Ohio, Oklahoma, Oregon, Pennsylvania, South Carolina, Tennessee, Texas, Utah, Virginia, Vermont, Washington, Wisconsin, and West Vi…",52280.61,52280.61,1,5696593136,2026-04-11T11:14:10Z,AI - Enabled Software Engineer,53.480701,-2.23438,IT Jobs,it-jobs,Mark43,"['UK', 'North West England', 'Greater Manchester', 'Manchester']","Manchester, Greater Manchester",,
https://www.adzuna.co.uk/jobs/land/ad/5693028581?se=dNNhD7NB8RG60p_fUSdYlA&utm_medium=api&utm_source=ce5ae1a3&v=3EE291A77128BC1126D62A1E7530A738FBA38452,"Job Description: SECURITY CLEARANCE: You will be subject to a BPSS check (including a criminal record check) TRAVEL REQUIRED : Occasional travel across our sites in Europe mainly LOCATION: Filton or Bremen WHAT'S IN IT FOR YOU Financial Reward: Competitive salary, annual profit share, contributory pension, share options, car leasing scheme, free onsite parking, season ticket loan, tax-free technology scheme, shopping discounts and much more Work / Life Balance: 35 hour week, flexible working, o…",44375.14,44375.14,1,5693028581,2026-04-08T11:11:23Z,Product Stream Leader (PSL) for Aerodynamics,51.455299,-2.5919,IT Jobs,it-jobs,Airbus,"['UK', 'South West England', 'Bristol']","Bristol, South West England",full_time,permanent
https://www.adzuna.co.uk/jobs/details/5702458801?utm_medium=api&utm_source=ce5ae1a3,"PsiQuantum’s mission is to build the first useful quantum computers—machines capable of delivering the breakthroughs the field has long promised. Since our founding in 2016, our singular focus has been to build and deploy million-qubit, fault-tolerant quantum systems. Quantum computers harness the laws of quantum mechanics to solve problems that even the most advanced supercomputers or AI systems will never reach. Their impact will span energy, pharmaceuticals, finance, agriculture, transportat…",38502.94,38502.94,1,5702458801,2026-04-17T11:28:10Z,"Intern, Quantum Applications",,,IT Jobs,it-jobs,PsiQuantum,['UK'],UK,,contract
https://www.adzuna.co.uk/jobs/details/5707197731?utm_medium=api&utm_source=ce5ae1a3,"Role: Generative BI & Insight Manager (CL7) Practice: Data & AI London, Manchester or other UK locations Accenture Song accelerates growth and value for our clients through sustained customer relevance. Our capabilities span ideation to execution: growth, product and experience design; technology and experience platforms; creative, media and marketing strategy; and campaign, content and channel orchestration. With strong client relationships and deep industry expertise, we help our clients oper…",56579.36,56579.36,1,5707197731,2026-04-22T14:37:46Z,Generative BI & Insight Manager,,,IT Jobs,it-jobs,Accenture,"['UK', 'London']","London, UK",full_time,
https://www.adzuna.co.uk/jobs/land/ad/5693053280?se=dNNhD7NB8RG60p_fUSdYlA&utm_medium=api&utm_source=ce5ae1a3&v=A7B502C380485971DB9EE55B7689C0093508E5BC,"An exciting opportunity has arisen for a Software Engineer to join a leading provider of flight simulation technology. You will develop real-time software used in state-of-the-art Full Flight Simulators and Fixed Training Devices that replicate the form, fit, and function of real aircraft flight decks. This role sits at the heart of a major transformation programme and is ideal for someone who is hands-on, motivated, and eager to implement change in a fast-paced, customer-focused environment. K…",52725.09,52725.09,1,5693053280,2026-04-08T12:06:52Z,Software Engineer,50.934212,-0.514944,IT Jobs,it-jobs,Holt Executive,"['UK', 'South East England', 'West Sussex']","West Sussex, South East England",full_time,
https://www.adzuna.co.uk/jobs/details/5701540590?utm_medium=api&utm_source=ce5ae1a3,"Cloud Engineer (GCP) £Up to £72,000 GBP Hybrid WORKING Location: London; Manchester; Leeds, Central London, Greater London - United Kingdom Type: Permanent Cloud Engineer - National Security Our client is a leading digital intelligence and national security consultancy, recognised among Glassdoor's Best Places to Work . As a Cloud Engineer , you will play a key role in delivering modern cloud-native solutions that support mission-critical national security programmes. Working within highly skil…",70000.0,70000.0,0,5701540590,2026-04-16T17:43:28Z,Cloud Engineer (GCP),53.799599,-1.54912,IT Jobs,it-jobs,Anson Mccade,"['UK', 'Yorkshire And The Humber', 'West Yorkshire', 'Leeds']","Leeds, West Yorkshire",part_time,permanent
https://www.adzuna.co.uk/jobs/land/ad/5694674814?se=7JWkD7NB8RG559CN95vx2w&utm_medium=api&utm_source=ce5ae1a3&v=4BD62C18379B599FB397C63254B4BC950B6D529F,"Senior Software Engineer (.Net / Azure) About the Role Ocho are working with a high-growth technology business undergoing major platform transformation. This is a Senior Software Engineer role within a Professional Services function, ideal for someone who enjoys working at the intersection of technology, customers, and delivery. The Opportunity You will play a key role in designing, delivering, and supporting system integrations for enterprise customers. Working closely with technical stakehold…",70000.0,70000.0,0,5694674814,2026-04-09T20:55:13Z,Senior Software Engineer (.Net / Azure),,,IT Jobs,it-jobs,Ocho,"['UK', 'Northern Ireland', 'Belfast']","Belfast, Northern Ireland",,
https://www.adzuna.co.uk/jobs/details/5699600468?utm_medium=api&utm_source=ce5ae1a3,"Job Title: IP Infrastructure/Network Designer Location: Reading 2x a week with occasional travel to Winnersh and Leeds sites Rate: Up to £530 a day Inside IR35 Start Date: Mid May Job Type: IP Infrastructure Designer We're working with a leading, globally backed telecommunications organisation at the forefront of delivering innovative digital and connectivity solutions. This is an exciting opportunity to join a business that thrives on diversity of thought, collaboration, and continuous innovat…",127400.0,137800.0,0,5699600468,2026-04-15T03:00:32Z,IP Network Designer,51.455002,-0.969088,IT Jobs,it-jobs,Square One Resources,"['UK', 'South East England', 'Berkshire', 'Reading']","Reading, Berkshire",full_time,contract
https://www.adzuna.co.uk/jobs/details/5696597485?utm_medium=api&utm_source=ce5ae1a3,"We’re reinventing payments. In less than four years, Dojo disrupted the market to become the largest and most loved acquirer in the UK. Our payments infrastructure, purpose-built for in-person commerce, is game changing. Now, over 150,000 customers across four countries choose to transact billions with us every year. But we’re just getting started. Our people are the driving force behind our success. They are our greatest investment and our ultimate competitive advantage. We hire exceptional pe…",97074.73,97074.73,1,5696597485,2026-04-11T11:24:34Z,Senior Engineering Team Lead - Android,51.503378,-0.139134,IT Jobs,it-jobs,Dojo,"['UK', 'London']","London, UK",,
https://www.adzuna.co.uk/jobs/details/5594065102?utm_medium=api&utm_source=ce5ae1a3,"About the role Our Security Team play a crucial part in supporting the airport to thrive and operate seamlessly, they provide the smooth and timely processing of passengers, and carry out aviation security duties across the airport. We bet you’re thinking “so what is it I will actually be doing day to day?” well…. I will undergo all required Security training to ensure that I am fully compliant with CAA (Civil Aviation Authority), company, and aviation legislation and safety procedures. I will …",30281.8,30281.8,1,5594065102,2026-01-21T16:38:34Z,Ground Security Officer - 16hrs per week FTC until 31st October 2026,51.540901,0.71149,IT Jobs,it-jobs,London Southend Airport,"['UK', 'Eastern England', 'Essex', 'Southend-On-Sea']","Southend-On-Sea, Essex",part_time,contract
https://www.adzuna.co.uk/jobs/details/5692498588?utm_medium=api&utm_source=ce5ae1a3,"Build, configure, and support event platforms including websites, registration systems, apps, and on-site tech Test thoroughly to ensure smooth delivery (before events go live) Identify risks early and resolve issues proactively Support end-to-end workflows across multiple platforms Introduce automation to reduce manual work and errors Explore new tools (including AI) that bring real value Contribute to improving internal processes and standards Supporting live events Assist with pre-event test…",30000.0,50000.0,0,5692498588,2026-04-08T01:47:12Z,Digital Event Technology Manager - live events,53.799599,-1.54912,IT Jobs,it-jobs,Prospero Integrated,"['UK', 'Yorkshire And The Humber', 'West Yorkshire', 'Leeds']","Leeds, West Yorkshire",full_time,permanent
https://www.adzuna.co.uk/jobs/details/5709490353?utm_medium=api&utm_source=ce5ae1a3,"About the role As a Project Manager you will be responsible for the planning and execution of the Project Management Plan, encompassing the Project Plan, Risk and Issue Management, Change Management, Stakeholder communications and deliverable/objective tracking. You will lead a cross functional team of professionals in supporting you to ensure that project expectations are agreed and met. You will work closely with the Business Consultant team to ensure a smooth process from commercial engageme…",73227.99,73227.99,1,5709490353,2026-04-24T19:22:14Z,Project Manager,51.548135,-2.55519,IT Jobs,it-jobs,Comply365,"['UK', 'South West England', 'Bristol', 'Almondsbury', 'Gaunts Earthcott']","Gaunts Earthcott, Almondsbury",,contract
https://www.adzuna.co.uk/jobs/details/5670426609?utm_medium=api&utm_source=ce5ae1a3,"Role: Senior Power Platform Developer / Consultant (RPA & CoE Build) Client: Public Sector Organisation Contract: Competitive day rate Location: Hybrid I'm currently supporting a public sector organisation as they look to build out a Power Platform capability, with a focus on Power Automate (RPA) and establishing a lightweight Centre of Excellence (CoE). This is a key role where you'll sit at the intersection of hands-on development and business engagement, helping shape how automation is deliv…",62041.85,62041.85,1,5670426609,2026-03-18T06:39:22Z,Senior Power Platform Developer / Consultant,,,IT Jobs,it-jobs,Morson Edge,"['UK', 'Eastern England', 'Essex']","Essex, Eastern England",,contract
https://www.adzuna.co.uk/jobs/details/5695036217?utm_medium=api&utm_source=ce5ae1a3,"Bleckfield Limited - Leatherhead, Surrey Permanent, Full-Time £26,000 - £30,000 per annum Monday - Friday, 8:30am - 5:00pm About Us Bleckfield Limited is a growing Microsoft Solutions Partner specialising in IT support and managed services for care homes and healthcare organizations across the UK. We're a close-knit team of IT professionals passionate about delivering high-quality technical support to organizations that make a real difference in people's lives. The Opportunity Join our technica…",30000.0,30000.0,0,5695036217,2026-04-10T01:37:47Z,1st Line IT Support Helpdesk Analyst,51.295799,-0.325929,IT Jobs,it-jobs,Bleckfield Ltd,"['UK', 'South East England', 'Surrey', 'Leatherhead']","Leatherhead, Surrey",full_time,permanent
https://www.adzuna.co.uk/jobs/land/ad/5702645090?se=7JWkD7NB8RG559CN95vx2w&utm_medium=api&utm_source=ce5ae1a3&v=03EECF94BA6031D78D510B372F103C1E12AB07C5,"TrueNorth are working with a successful tech consultancy who work heavily in the public sector - we're looking for a Technical Architect for an immediate contract role. Key skills: Background and exposure to Java or Node software development. Low-level software architecture and analysis 50% hands on engineering (poc/dev, troubleshooting supporting lead devs with technical decision making) 25% design 25% governance/assurance Event driven architecture is useful The roles are inside IR35 and have …",130000.0,143000.0,0,5702645090,2026-04-17T16:34:25Z,Technical Architect - SC Clearance,,,IT Jobs,it-jobs,True North Group,"['UK', 'London']","London, UK",,contract
https://www.adzuna.co.uk/jobs/details/5704448436?utm_medium=api&utm_source=ce5ae1a3,"About the Business LexisNexis Risk Solutions is an essential partner in the assessment of risk and the reduction of fraud in organisations and payment journeys. Within our Business Services vertical, we offer a multitude of solutions focused on helping businesses of all sizes drive higher revenue growth, maximize operational efficiencies, and improve customer experience. Our solutions help our customers solve difficult problems in the areas of Anti-Money Laundering/Counter Terrorist Financing, …",63418.59,63418.59,1,5704448436,2026-04-19T11:21:22Z,Senior Payments Product Manager,51.503378,-0.139134,IT Jobs,it-jobs,RELX,"['UK', 'London']","London, UK",full_time,
https://www.adzuna.co.uk/jobs/land/ad/5666301288?se=fGXlD7NB8RGtTOojiaELgw&utm_medium=api&utm_source=ce5ae1a3&v=B275C31E58712E14D94CD90678B1292B99B251C7,"Join Ferrovial: Where Innovation Meets Opportunity Are you ready to elevate your career with a global leader in infrastructure solving complex problems and generating a positive outcome on people’s lives? At Ferrovial , we are not just a company; we are a community of innovators and trailblazers. Listed on three major stock markets: Nasdaq (US), Euronext Amsterdam (Netherlands) and IBEX 35 (Spain), we are also member of the Dow Jones Sustainability Index and FTSE4Good. We operate in more than 1…",56709.81,56709.81,1,5666301288,2026-03-15T10:22:38Z,ProjectWise Manager,,,IT Jobs,it-jobs,Ferrovial,['UK'],UK,full_time,
https://www.adzuna.co.uk/jobs/details/5706722218?utm_medium=api&utm_source=ce5ae1a3,"Role Title: Security Assurance Coordinator Duration: contract to run until 31/03/2027 Location: Hybrid role, predominantly remote, but some travel to Client sites will be required (estimate on average 1-2 days per week to either London and/or Bristol / Bath, occasionally more during certain phases of delivery as the need arises). Rate: up to £690 p/d Umbrella inside IR35 Clearance required: Active MOD SC Clearance is required Role purpose / summary We are seeking a Client experienced, senior Cl…",156000.0,179400.0,0,5706722218,2026-04-22T03:11:06Z,MOD SC Security Assurance Coordinator CGEMJP00338461,51.503378,-0.139134,IT Jobs,it-jobs,Experis UK,"['UK', 'London']","London, UK",full_time,contract
https://www.adzuna.co.uk/jobs/details/5678927737?utm_medium=api&utm_source=ce5ae1a3,"Senior Data Analyst Location: Peterborough (HQ) Company: Trade Mastermind & Valente Consulting Employment: Full-Time Salary: £50 000-£60 000 We are seeking a highly capable Senior Data Analyst / Data & Insights Manager to take full ownership of our data function across a fast-scaling £25M education and business services group. This role goes far beyond reporting you will transform data into actionable insight, enabling leadership to make high-impact decisions across multiple brands. In this pos…",60000.0,60000.0,0,5678927737,2026-03-26T07:14:48Z,Senior Data Analyst,52.570202,-0.243734,IT Jobs,it-jobs,Trade Mastermind,"['UK', 'Eastern England', 'Peterborough']","Peterborough, Eastern England",full_time,
https://www.adzuna.co.uk/jobs/land/ad/5683304162?se=fGXlD7NB8RGtTOojiaELgw&utm_medium=api&utm_source=ce5ae1a3&v=435B7FC5D96E06143503BBC42B86044D933F3877,"Technical Support Manager - Electrical / Smart Homes Reading - Commutable from Basingstoke, Newbury, Bracknell, Wokingham £55,000 - £60,000  Quarterly Bonus  Training  Progression  Excellent Benefits Are you from an electrical or technical background looking to step into an office based leadership role within a fast growing smart technology business? This is a rare opportunity to take a lead position in the building automation space, supporting advanced systems used across smart homes and comme…",55000.0,60000.0,0,5683304162,2026-03-30T19:52:12Z,Technical Support Manager - Electrical / Smart Homes,51.428224,-1.099804,IT Jobs,it-jobs,Rise Technical Recruitment,"['UK', 'South East England', 'Berkshire', 'Reading', 'Englefield']","Englefield, Reading",full_time,contract
https://www.adzuna.co.uk/jobs/details/5710796392?utm_medium=api&utm_source=ce5ae1a3,"Salary: £30,000 - 32,000 per year Requirements: At least 12 months experience of IT support Excellent user/customer engagement skills Experience of supporting Microsoft packages Knowledge of LAN/WAN and Active Directory Previous project and project coordination experience Ability to work well under pressure to strict deadlines ITIL awareness Hold a full UK driving license Responsibilities: Be the key point of contact for IT support and project delivery to end users across various sites Manage I…",30000.0,32000.0,0,5710796392,2026-04-26T04:29:37Z,Regional IT Engineer,52.19682,-1.727245,IT Jobs,it-jobs,Big Red Recruitment Midlands Limited,"['UK', 'West Midlands', 'Warwickshire', 'Stratford-Upon-Avon', 'Stratford Enterprise Park']","Stratford Enterprise Park, Stratford-Upon-Avon",full_time,
https://www.adzuna.co.uk/jobs/land/ad/5705176120?se=fGXlD7NB8RGtTOojiaELgw&utm_medium=api&utm_source=ce5ae1a3&v=3A3EE7C2A974419ADEB0D217E2EC83DD12FA9D11,"Service Design Analyst (Hybrid - 50% in office) The Client Based in London my client are a prestigious Professional services organisation boasting a workplace with cutting edge people that is moving with the modern ways working. Named as one of the leading professional services organisations places to work for 3 times in a row, the work environment attracts a seasoned professional who wants to be part of the best of breed. Job Overview The Service Design Analyst will play a critical role in sup…",90000.0,90000.0,0,5705176120,2026-04-20T11:05:52Z,Service Design Analyst - Circa 90k - 12 Month Fixed Term Contract,,,IT Jobs,it-jobs,Hybrid Global Solutions Limited,"['UK', 'London']","London, UK",,contract
https://www.adzuna.co.uk/jobs/land/ad/5707199699?se=fGXlD7NB8RGtTOojiaELgw&utm_medium=api&utm_source=ce5ae1a3&v=AC37E8122413DC595FE497B058CA19A397D1FFFC,Senior DevOps Engineer Azure - Cyber Security Hybrid (UK) Excellent salary  Pension  Private Healthcare  Share Scheme  Electric Car Scheme - hybrid - 2 days in the office per week so fantastic flexibility / work-life balance. This is an excellent opportunity for an experienced Platform Engineer / DevOps Engineer who is looking for a new challenge within a rapidly growing cyber security technology company. Do you have experience working in a modern DevOps environmentsideally within security-focu…,59110.82,59110.82,1,5707199699,2026-04-22T14:48:54Z,Senior DevOps Engineer,52.455299,-1.20675,IT Jobs,it-jobs,Cyber Talent Limited,"['UK', 'East Midlands', 'Leicestershire', 'Lutterworth', 'Bitteswell']","Bitteswell, Lutterworth",,permanent
https://www.adzuna.co.uk/jobs/details/5552899016?utm_medium=api&utm_source=ce5ae1a3,"Title: SQL Database Administrator Location: Remote in the UK Division: Shared Services – DBA Team Are you passionate about modernising SQL platforms in the cloud? Do you have a passion for helping clients harness the power of technology to solve complex challenges and improve experiences? If so, we want to hear from you! ABOUT US Agilisys is at the forefront of digital transformation and innovation in the public services sector. With over two decades of experience, we have established ourselves…",53681.84,53681.84,1,5552899016,2025-12-23T09:21:46Z,SQL Database Administrator,,,IT Jobs,it-jobs,Agilisys,['UK'],UK,,
https://www.adzuna.co.uk/jobs/details/5701541108?utm_medium=api&utm_source=ce5ae1a3,"IT Database and Web Platform Engineer - Permanent - Birmingham A fantastic opportunity has arisen for a IT Database and Web Platform Engineer to join our Birmingham based law firm on a 6 Month Fixed Term Contract basis. Key Responsibilities * Provide third-line support to a rich array of high profile legal and information systems which are fundamental to the firm. * Proactive management and analysis of the global server estate which encompasses web, SSO, SharePoint, and SQL server infrastructur…",49636.84,49636.84,1,5701541108,2026-04-16T17:45:52Z,IT Database and Web Platform Engineer,52.483002,-1.89359,IT Jobs,it-jobs,DGH Recruitment,"['UK', 'West Midlands', 'Birmingham']","Birmingham, West Midlands",,contract
https://www.adzuna.co.uk/jobs/details/5555213295?utm_medium=api&utm_source=ce5ae1a3,"ONSITE Who We Are : Founded in 2007, SimIS Inc. is an innovative information technology solution Veteran Owned Small Business (VOSB) that models future environments, requirements, and capabilities, and then secures the enterprise from internal and external threats compliant with Federal, State, and industry standard governance to ensure client mission success. Our performance standard is “excellence,” with an outcomes-based, quality focus in our services and products, guided by our core values …",97398.91,97398.91,1,5555213295,2025-12-25T09:39:16Z,Wargame Designer (N),,,IT Jobs,it-jobs,SimIS,['UK'],UK,full_time,
https://www.adzuna.co.uk/jobs/details/5692230832?utm_medium=api&utm_source=ce5ae1a3,"Technical Support Team Leader (Wealth Management) Dorset / Wiltshire (multi-site – Shaftesbury, Corsham & Poole) £33,000 – £40,000 (depending on experience) Full-time, office-based (travel across offices required) Ready to lead a technical team while staying close to the detail? If you have experience within wealth planning and enjoy both people management and technical oversight, this could be a really strong next step. This role offers the opportunity to lead a key function within a well-esta…",33000.0,40000.0,0,5692230832,2026-04-07T19:33:32Z,Wealth Planning Team leader,50.719398,-1.98113,IT Jobs,it-jobs,Cranleigh Personnel,"['UK', 'South West England', 'Dorset', 'Poole']","Poole, Dorset",full_time,permanent
https://www.adzuna.co.uk/jobs/land/ad/5589109536?se=8p85ELNB8RGtTOojiaELgw&utm_medium=api&utm_source=ce5ae1a3&v=D19BCD78ADE400D15AA678BA87DFF9DDA9B03959,"﻿ ﻿ The Consultant Solution / Technical Architect role provides an opportunity to support a wide range of UK public sector and defence organisations on nationally critical digital programmes. You will provide consultancy to UK public sector and defence organisations to help them get maximum benefit from their ICT investments. You will analyse and develop solution and technical architectures based on the needs of the customer, including the associated technologies and operational processes. You …",49341.72,49341.72,1,5589109536,2026-01-17T09:42:29Z,Consultant Solution/Technical Architect,51.241697,-0.612499,IT Jobs,it-jobs,Actica Consulting,"['UK', 'South East England', 'Surrey', 'Guildford', 'Surrey Research Park']","Surrey Research Park, Guildford",full_time,
https://www.adzuna.co.uk/jobs/details/5709662425?utm_medium=api&utm_source=ce5ae1a3,"3rd Line Infrastructure Engineer Boundary Road, Lytham, Lancashire 40 hours per week | Monday – Thursday 10:00-19:00, Friday 09:00-18:00 Rotational cover for matchdays with paid OT. Permanent | Up to 40k Dependent on experience About the role We are looking for an experienced 3rd Line Infrastructure Engineer to join the Tangerine Group Information & Systems Technology team. Reporting directly to the Director of IT, you will play a critical role in ensuring the stability, security and performanc…",41508.5,41508.5,1,5709662425,2026-04-24T21:43:57Z,3rd Line Infrastructure Engineer,53.750485,-3.002798,IT Jobs,it-jobs,VetPlus,"['UK', 'North West England', 'Lancashire', 'Lytham St. Annes', 'Lytham']","Lytham, Lytham St. Annes",,permanent
https://www.adzuna.co.uk/jobs/details/5698226956?utm_medium=api&utm_source=ce5ae1a3,"Salesforce Release Manager/ Release Manager Opportunity: Release Manager Brands Rollout is responsible for end-to-end planning, coordination, and execution of Salesforce releases across multiple brands operating on a shared Salesforce platform. The role ensures predictable, high-quality releases, effective brand onboarding, and alignment with business priorities while maintaining platform stability and governance. Essential skills/knowledge/experience: 610 years of experience in Salesforce deli…",61097.16,61097.16,1,5698226956,2026-04-13T17:58:02Z,Salesforce Release Manager/ Release Manager,,,IT Jobs,it-jobs,Gazelle Global Consulting Ltd,"['UK', 'London']","London, UK",,
https://www.adzuna.co.uk/jobs/land/ad/5709490918?se=8p85ELNB8RGtTOojiaELgw&utm_medium=api&utm_source=ce5ae1a3&v=CD837F28ECD88BC054F211A1199096C0C15255CD,Insight Executive Group are delighted to be working with a global Facilities Management company who are looking to recruit a Portering Manager to join their healthcare team in Oxford. The role is a permanent full time position with a starting salary of up to £45k. The Portering Manager will be responsible for: reviewing and planning service improvements in a demanding NHS environment to ensure improved services managing efficient and customer focused portering services within the agreed budget …,40000.0,45000.0,0,5709490918,2026-04-24T19:23:02Z,Portering Manager,51.7523,-1.25588,IT Jobs,it-jobs,Insight Executive Group Limited,"['UK', 'South East England', 'Oxfordshire', 'Oxford']","Oxford, Oxfordshire",full_time,permanent
https://www.adzuna.co.uk/jobs/details/5696595429?utm_medium=api&utm_source=ce5ae1a3,"At Trustpilot, we're on an incredible journey. We're a profitable, high-growth FTSE-250 company with a big vision: to become the universal symbol of trust. We run the world's largest independent consumer review platform, and while we've come a long way, there's still so much exciting work to do. Come join us at the heart of trust! We are seeking a Salesforce Specialist with expertise building robust and scalable solutions to join Trustpilot’s Go To Market Technology department within the Techno…",72335.32,72335.32,1,5696595429,2026-04-11T11:20:09Z,Salesforce Developer,55.943116,-3.327942,IT Jobs,it-jobs,Trustpilot,"['UK', 'Scotland', 'Edinburgh']","Edinburgh, Scotland",,
https://www.adzuna.co.uk/jobs/details/5707734822?utm_medium=api&utm_source=ce5ae1a3,"Cloud Digital Product Manager (Contract) We're recruiting an experienced Cloud Digital Product Manager for a long-term contract working on internal platforms and shared cloud services within a large, complex organisation. This role focuses on improving the platforms that engineers and delivery teams rely on every day, reducing friction, improving reliability, and enabling teams to ship faster and more safely. What you'll be doing Owning the product vision, roadmap and backlog for one or more cl…",104000.0,145600.0,0,5707734822,2026-04-23T01:52:30Z,Cloud Digital Product Manager - Central Government,,,IT Jobs,it-jobs,Morson Edge,['UK'],UK,,contract
https://www.adzuna.co.uk/jobs/details/5664222057?utm_medium=api&utm_source=ce5ae1a3,"Overview: At Zebra, we are a community of innovators who come together to create new ways of working. United by curiosity and a culture of caring, we develop smart solutions that anticipate our customer's and partner's needs and solve their challenges. Being part of Zebra Nation means you are seen, heard, valued, and respected. Drawing from our unique perspectives, we collaborate to deliver on our purpose. Here you are part of a team pushing boundaries today to redefine the work of tomorrow for…",51369.94,51369.94,1,5664222057,2026-03-13T22:03:26Z,Regional Product Manager (RFID & Mobile Computing),51.574902,-0.709768,IT Jobs,it-jobs,Zebra Technologies,"['UK', 'South East England', 'Buckinghamshire', 'Bourne End']","Bourne End, Buckinghamshire",,
https://www.adzuna.co.uk/jobs/land/ad/5675142945?se=8p85ELNB8RGtTOojiaELgw&utm_medium=api&utm_source=ce5ae1a3&v=4D925A605455FE67B554C66FBC4C793A76FFD7AF,"RenaissanceRe is a leading writer of Property & Casualty Reinsurance. For over 25 years, we have helped customers and communities recover and build resilience through our industry-leading ability to understand risk, source efficient capital and rapidly pay claims. Our global team shares a passion for solving our customers’ biggest problems through a collaborative and entrepreneurial culture that empowers employees and rewards creative thinking. About RenaissanceRe For over three decades, Renais…",53965.85,53965.85,1,5675142945,2026-03-22T10:15:16Z,Business Change Analyst,51.503378,-0.139134,IT Jobs,it-jobs,Limited,"['UK', 'London']","London, UK",full_time,
https://www.adzuna.co.uk/jobs/details/5706059324?utm_medium=api&utm_source=ce5ae1a3,"Secure Every Identity, from AI to Human Identity is the key to unlocking the potential of AI. Okta secures AI by building the trusted, neutral infrastructure that enables organizations to safely embrace this new era. This work requires a relentless drive to solve complex challenges with real-world stakes. We are looking for builders and owners who operate with speed and urgency and execute with excellence. This is an opportunity to do career-defining work. We're all in on this mission. If you a…",80708.05,80708.05,1,5706059324,2026-04-21T11:28:14Z,Senior Solutions Engineer,51.503378,-0.139134,IT Jobs,it-jobs,Okta,"['UK', 'London']","London, UK",,
https://www.adzuna.co.uk/jobs/details/5710796569?utm_medium=api&utm_source=ce5ae1a3,"Salary: £14,000 - 16,000 per year Requirements: Basic to intermediate IT knowledge (hardware, software, networking) Comfortable working with Windows, macOS, and mobile operating systems Strong problem-solving skills and attention to detail Ability to work independently and follow instructions Good communication skills Previous experience in IT support or device deployment (desirable) Familiarity with business IT environments or helpdesk tools (desirable) Responsibilities: Set up and configure l…",14000.0,16000.0,0,5710796569,2026-04-26T04:29:39Z,IT Technician,51.317352,-0.56559,IT Jobs,it-jobs,Faith Recruitment,"['UK', 'South East England', 'Surrey', 'Woking', 'Horsell']","Horsell, Woking",full_time,contract
https://www.adzuna.co.uk/jobs/details/5210480678?utm_medium=api&utm_source=ce5ae1a3,"Functional Lead Qualification Masters in Business Administration Responsibility Requirement Gathering and Gap Analysis : Understand business requirements through business workshops, one on one interviews. Analyze business requirement document. Analyze gaps in order to meet business requirements. Solution Engineering Provide support in creating solutions for the gaps. Prepare first drafts on end to end solution for the client and integration plan and submit them to supervisor for review. Detail …",40659.57,40659.57,1,5210480678,2025-05-22T08:54:28Z,Associate - Projects,,,IT Jobs,it-jobs,cognizant,['UK'],UK,full_time,
https://www.adzuna.co.uk/jobs/details/5673132636?utm_medium=api&utm_source=ce5ae1a3,"Job Details Role/Job Title: AD Engineer JD L2 Work Location: London Paddington Days in Office: 3 Days in office Duration of Assignment: 6 Months The Role The Active Directory Engineer will be responsible for designing, managing, and securing the organization's identity and directory services, including Active Directory (AD), Azure Active Directory/Entra ID, and related identity management platforms. This role ensures a highly secure, scalable, and resilient identity infrastructure supporting au…",106040.38,106040.38,1,5673132636,2026-03-20T14:38:05Z,AD Engineer JD L2,,,IT Jobs,it-jobs,Stackstudio Digital Ltd.,['UK'],UK,,
https://www.adzuna.co.uk/jobs/land/ad/5690395118?se=LqOGELNB8RG559CN95vx2w&utm_medium=api&utm_source=ce5ae1a3&v=49F8A38F7D3EF95E376C6B0FB5AA8EA06FE3B7FB,"We are a Global Recruitment specialist that provides support to the clients across EMEA, APAC, US and Canada. We have an excellent job opportunity for you. Role Title: IBM Z Technical Specialist – Db2 System Programmer Location: Hybrid 60% office-40% Remote - Sheffield Duration: 30/11/2026 Pay Rate: £514 per day Role Description: As IBM Z Technical Specialist – Db2 System Programmer you will be a part of several functions within the job involving multiple products and technologies, including bu…",73494.62,73494.62,1,5690395118,2026-04-05T04:48:30Z,IBM Z Technical Specialist,53.383099,-1.4648,IT Jobs,it-jobs,eTeam,"['UK', 'Yorkshire And The Humber', 'South Yorkshire', 'Sheffield']","Sheffield, South Yorkshire",,
https://www.adzuna.co.uk/jobs/details/5697410699?utm_medium=api&utm_source=ce5ae1a3,"As a global leader in cybersecurity, CrowdStrike protects the people, processes and technologies that drive modern organizations. Since 2011, our mission hasn’t changed — we’re here to stop breaches, and we’ve redefined modern security with the world’s most advanced AI-native platform. Our customers span all industries, and they count on CrowdStrike to keep their businesses running, their communities safe and their lives moving forward. We’re also a mission-driven company. We cultivate a cultur…",57772.81,57772.81,1,5697410699,2026-04-12T11:16:21Z,"Platform Professional Services Sr. Consultant (Remote, GBR)",,,IT Jobs,it-jobs,CrowdStrike,['UK'],UK,full_time,
https://www.adzuna.co.uk/jobs/details/5677956293?utm_medium=api&utm_source=ce5ae1a3,"Who We Are Join us in our mission to transform the way people shop and eat, where impact, innovation and growth drive everything we do. Our Engineering teams tackle complex technical challenges across a global, three-sided marketplace, building and scaling systems that serve millions of customers, riders and partners every day. From real-time logistics to resilient infrastructure and marketplace optimisation, we design, build and operate technology that powers Deliveroo’s growth at scale. We’re…",49737.34,49737.34,1,5677956293,2026-03-25T10:06:02Z,"Senior Engineering Manager, Proactive Security",,,IT Jobs,it-jobs,Deliveroo,"['UK', 'London', 'Central London', 'The City']","The City, Central London",full_time,
https://www.adzuna.co.uk/jobs/details/5660395845?utm_medium=api&utm_source=ce5ae1a3,Senior Network Security Specialist Shift Pattern: Standard 40 Hour Week (United Kingdom) Scheduled Weekly Hours: 40 Corporate Grade: D - Assistant Vice President Reporting Line: (UK Division) Information Technology Location: UK-London Worker Type: Permanent About the London Metal Exchange The London Metal Exchange (LME) is the world centre for industrial metals trading. Most of the world’s global non-ferrous futures business is conducted on the LME’s three trading platforms totalling $21 trilli…,65299.99,65299.99,1,5660395845,2026-03-10T16:32:28Z,Senior Network Security Specialist,51.503378,-0.139134,IT Jobs,it-jobs,Hong Kong Exchanges and Clearing,"['UK', 'London']","London, UK",full_time,permanent
https://www.adzuna.co.uk/jobs/details/5698794569?utm_medium=api&utm_source=ce5ae1a3,"Job Description Start here. Grow here. As part of our wider collaboration and growth initiatives, we are currently seeking to appoint an individual in the role of Highways Regional Director . Reporting directly to the Highways Scotland and England North District Lead and working closely with the Highways Regional Directors and Infrastructure Team Lead, the role will focus on the pipeline of major projects, position us to win and expand the teams’ delivery portfolio. AECOM has identified signifi…",48380.81,48380.81,1,5698794569,2026-04-14T08:48:52Z,Regional Director - Scotland and England North,55.943116,-3.327942,IT Jobs,it-jobs,AECOM,"['UK', 'Scotland', 'Edinburgh']","Edinburgh, Scotland",,
https://www.adzuna.co.uk/jobs/details/5701470519?utm_medium=api&utm_source=ce5ae1a3,"RISK STRATEGY ANALYST £50,000 SOUTHAMPTON THE COMPANY This company is a growing FinTech that have been growing steadily over the past few years. They have multiple offerings and a close-knit team that really value progression and development. THE ROLE This role is very varied and will include work with a number of teams: Analysing customer and trend data, including work on root cause analysis and customer segmentation, to drive insight into lending performance and identify opportunities for imp…",40000.0,50000.0,0,5701470519,2026-04-16T14:05:04Z,Risk Strategy Analyst,,,IT Jobs,it-jobs,Harnham - Data & Analytics Recruitment,"['UK', 'South East England', 'Hampshire', 'Southampton']","Southampton, Hampshire",full_time,permanent
https://www.adzuna.co.uk/jobs/details/5708908326?utm_medium=api&utm_source=ce5ae1a3,"Change Business Analyst Locations available: Peterborough, Manchester, Stoke-On-Trent and Southport (flexible hybrid working) We have offices based in the above locations, however, we are open to largely remote working with the occasional travel to an office. This is a key change role, responsible for the successful delivery of Change Business Analysis Services to Programmes, Projects & Small Changes, to support the business in meeting its objectives and goals through the delivery of Change. Ke…",39493.37,39493.37,1,5708908326,2026-04-24T02:50:02Z,Change Business Analyst,53.480701,-2.23438,IT Jobs,it-jobs,Atlanta,"['UK', 'North West England', 'Greater Manchester', 'Manchester']","Manchester, Greater Manchester",full_time,permanent
https://www.adzuna.co.uk/jobs/land/ad/5683623960?se=8BDKELNB8RGtTOojiaELgw&utm_medium=api&utm_source=ce5ae1a3&v=5A28B39EE8CF77923027352A6DC730CF7C957332,"Trainee Data Scientist - No Experience Required Are you looking to kick-start a new career as a Data Scientist?We are recruiting for companies who are looking to employ our Data Science Traineeship graduates to keep up with their growth. The best part is you will not need any previous experience as full training will be provided. You will also have the reassurance of a job guarantee (£25K-£45K) within 20 miles of your location upon completion. Whether you are working full time, part-time or une…",25000.0,45000.0,0,5683623960,2026-03-30T23:28:06Z,Data Science Trainee,52.202499,0.131237,IT Jobs,it-jobs,IT Career Switch,"['UK', 'Eastern England', 'Cambridgeshire', 'Cambridge']","Cambridge, Cambridgeshire",full_time,permanent
https://www.adzuna.co.uk/jobs/land/ad/5704447907?se=8BDKELNB8RGtTOojiaELgw&utm_medium=api&utm_source=ce5ae1a3&v=8E536F73E0504E3FD32DAF5E565D90E43CB33955,"About the role: Gartner Analysts are industry thought leaders who create must-have insights, market predictions and best practices for a broad range of world-leading organizations. A VP serves as a leader within Gartner’s Business and Technology Insights (BTI) group, establishing oneself as a credible voice within their designated market at local, regional and global levels. Utilizing exceptional research and analytical skills, a Senior Director plays a significant role in producing pragmatic a…",90312.29,90312.29,1,5704447907,2026-04-19T11:19:46Z,"VP Analyst, AI Infrastructure for Head's of I&O (Remote Europe)",,,IT Jobs,it-jobs,Gartner,['UK'],UK,full_time,
https://www.adzuna.co.uk/jobs/details/5618120934?utm_medium=api&utm_source=ce5ae1a3,"UBDS Group helps organisations deliver meaningful digital transformations through modern technology and ways of working. We partner with clients across the public and private sector to design, build and deliver technology-enabled services that create real value for users and organisations. As we continue to grow, we’re looking for a Delivery Manager to join our established and highly regarded Delivery team. This role suits someone who enjoys leading complex technology programmes, working across…",65969.68,65969.68,1,5618120934,2026-02-06T22:25:09Z,Delivery Manager,53.480701,-2.23438,IT Jobs,it-jobs,UBDS Group,"['UK', 'North West England', 'Greater Manchester', 'Manchester']","Manchester, Greater Manchester",,
https://www.adzuna.co.uk/jobs/land/ad/5698071092?se=8BDKELNB8RGtTOojiaELgw&utm_medium=api&utm_source=ce5ae1a3&v=15BD43F05F99C5C0771844C33D9B2D66852F58BF,"We are currently recruiting for IDAM & PAM Engineers of various grades to join our growing client advisory & delivery business. NTT DATA is one of the worlds largest Global Security services providers with over 7500 Security SMEs and Integration partner to many of the worlds most recognised Security Technology providers. We strive to hire exceptional, innovative, and passionate individuals who want to grow with us. In a constantly changing world, we work together with our people, clients and co…",71716.37,71716.37,1,5698071092,2026-04-13T12:08:22Z,IDAM Engineer,52.483002,-1.89359,IT Jobs,it-jobs,Ntt Data,"['UK', 'West Midlands', 'Birmingham']","Birmingham, West Midlands",full_time,
https://www.adzuna.co.uk/jobs/details/5701470375?utm_medium=api&utm_source=ce5ae1a3,"Role Purpose The Business Project Manager will lead and deliver strategic business transformation initiatives focused on operational improvement, efficiency, and quality. Project Management will be embedded as a core organisational competency, on a par with Total Quality Management (TQM), enabling multiple clearly bounded projects to be delivered at pace and with confidence through reduced delivery variability. Working with cross-functional teams, the role will design, implement, and embed scal…",55000.0,65000.0,0,5701470375,2026-04-16T14:04:54Z,Project Manager,52.751999,0.395357,IT Jobs,it-jobs,Reed,"['UK', 'Eastern England', 'Norfolk', ""King's Lynn""]","King's Lynn, Norfolk",full_time,permanent
https://www.adzuna.co.uk/jobs/land/ad/5684279727?se=8BDKELNB8RGtTOojiaELgw&utm_medium=api&utm_source=ce5ae1a3&v=BAEDD68D2AE372E2EFFDB3578110F0026100F22B,"An exciting opportunity has arisen for a Project Manager, ideally with Digital Transformation experience to support a major business programme centred around three strategic priorities: People, Performance, and Platform. The Platform priority focuses on scalable processes and tools, strengthened governance, reduced cost ratios, and the successful delivery of high-impact digital initiatives that drive competitive advantage. Digital is a core enabler of this strategy. This role will support the A…",156000.0,182000.0,0,5684279727,2026-03-31T19:52:13Z,Project Manager - (Digital Transformation),51.503378,-0.139134,IT Jobs,it-jobs,Red King Resourcing,"['UK', 'London']","London, UK",,contract
https://www.adzuna.co.uk/jobs/details/5670532968?utm_medium=api&utm_source=ce5ae1a3,"An extraordinarily talented group of individuals work together every day to drive TNS' success, from both professional and personal perspectives. Come join the excellence! Overview TNS are looking for an Operations Support Technician to join our Sheffield based Operations team, working a 24/7/365 shift pattern. As a Operations Support Technician you will be responsible for the pro-active monitoring of our Processing managed services and first line fault resolution. The role requires excellent c…",38581.12,38581.12,1,5670532968,2026-03-18T10:03:00Z,Operations Support Technician - Payments Product Support,,,IT Jobs,it-jobs,TNS,['UK'],UK,full_time,
https://www.adzuna.co.uk/jobs/land/ad/5700243860?se=8BDKELNB8RGtTOojiaELgw&utm_medium=api&utm_source=ce5ae1a3&v=699EEED6CFBC6174AF87382A1004C1312DD0CC08,"WeDoData are working exclusively with a forward-thinking training provider in Greater London, who are looking for multi-skilled Data Engineer to join their busy MIS function. The senior leadership team really understands the value of a high performing data function and have embraced technology in order to deliver the best service possible. They are looking for a detail-driven data professional to take the lead in managing and optimising the colleges data warehouse and also to build and maintain…",46000.0,46000.0,0,5700243860,2026-04-15T14:36:48Z,Data Engineer,,,IT Jobs,it-jobs,WeDoData,['UK'],UK,full_time,
https://www.adzuna.co.uk/jobs/land/ad/5700335616?se=8BDKELNB8RGtTOojiaELgw&utm_medium=api&utm_source=ce5ae1a3&v=BBA4306AB77B4B9CEB3903044F17E7058E8EEB5F,"Technical Support Engineer Our client is looking for an experience contractor to join their Global Technical Support team—a diverse, fast-growing group of passionate problem-solvers providing 24/7 support to customers around the world. To be considered for the role, you must have the follwing essential skills / experience. Hybrid working Inside IR35 12 month contract Technical Skills & Knowledge Javascript - Able to read / understand and debug it SQL - Able to debug it (Not code) Understanding …",52000.0,55640.0,0,5700335616,2026-04-15T18:35:28Z,Technical Support Engineer,51.253928,-0.4677,IT Jobs,it-jobs,Proactive Appointments,"['UK', 'South East England', 'Surrey']","Surrey, South East England",,contract
https://www.adzuna.co.uk/jobs/details/5665228264?utm_medium=api&utm_source=ce5ae1a3,"About Us MarketAxess is on a journey to digitally transform one of the world’s largest financial markets, enabling the shift from analog, phone-based trading to a fully electronic marketplace. Why does this matter? Because our platform makes trading fixed-income more accessible, ultimately improving transparency, efficiency, and competition in the marketplace. Changing the way an established industry transacts is no easy feat. There will be twists and turns, because no one’s ever done this befo…",77010.17,77010.17,1,5665228264,2026-03-14T10:21:18Z,"Product Manager, Trading Solutions",51.503378,-0.139134,IT Jobs,it-jobs,MarketAxess,"['UK', 'London']","London, UK",,
https://www.adzuna.co.uk/jobs/land/ad/5701318218?se=alX8ELNB8RG559CN95vx2w&utm_medium=api&utm_source=ce5ae1a3&v=31A5B46168B985F89AB837D5257F637B5D5CB9BA,"Description We have an opportunity to impact your career and provide an adventure where you can push the limits of what's possible. Our Asset and Wealth Management division is driven by innovators like you who are driven to create technology solutions that make us work more efficiently and help our businesses grow. It’s our mission to efficiently take care of our clients’ wealth, helping them get, and remain properly invested. Across 27 cities, our team of 4,600 agile technologists thrive in a …",90108.4,90108.4,1,5701318218,2026-04-16T11:13:49Z,Lead Software Engineer - Java - Global Liquidity Portfolio Management Platform Engineer,51.503378,-0.139134,IT Jobs,it-jobs,JPMorganChase,"['UK', 'London']","London, UK",full_time,
https://www.adzuna.co.uk/jobs/details/5552302031?utm_medium=api&utm_source=ce5ae1a3,"AVEVA is creating software trusted by over 90% of leading industrial companies. Position: Cloud Software Engineer in Test Previous experience: A robust automation mindset, programming proficiency, and cloud testing experience are essential. Location: Cambridge, United Kingdom or Derry, Northern Ireland- Hybrid (3 days at the office) Employment type: Full-time regular (flexible working options available) The job As part of the Research and Development function, the global Cloud DevOps (CDO) team…",58909.35,58909.35,1,5552302031,2025-12-22T20:10:29Z,Cloud Software Developer in Test,52.202499,0.131237,IT Jobs,it-jobs,AVEVA,"['UK', 'Eastern England', 'Cambridgeshire', 'Cambridge']","Cambridge, Cambridgeshire",full_time,
https://www.adzuna.co.uk/jobs/land/ad/5708137882?se=alX8ELNB8RG559CN95vx2w&utm_medium=api&utm_source=ce5ae1a3&v=02B10D45D8389AB7AA5B324421709932E8D8E2AE,"AWS FinOps Specialist Location: London, Leeds or Manchester Salary: £70,000 £90,000  10% annual bonus  £7,000 tax-free DV Bonus every year you hold Working Pattern: Full-time, Hybrid (minimum 3 days onsite) Security Clearance: Must be eligible for SC / DV Overview A leading digital and cyber consultancy within the defence and national security sector is seeking a FinOps Specialist to drive cloud cost optimisation and efficiency across large-scale AWS environments . With major cloud migration pr…",90000.0,90000.0,0,5708137882,2026-04-23T10:36:13Z,AWS Finops Specialist,,,IT Jobs,it-jobs,Anson Mccade,"['UK', 'North West England', 'Greater Manchester', 'Manchester']","Manchester, Greater Manchester",full_time,permanent
https://www.adzuna.co.uk/jobs/details/5210480833?utm_medium=api&utm_source=ce5ae1a3,"The Applications Development Senior Programmer Analyst is an intermediate level position responsible for participation in the establishment and implementation of new or revised application systems and programs in coordination with the Technology team. The overall objective of this role is to contribute to applications systems analysis and programming activities. Responsibilities: Conduct tasks related to feasibility studies, time and cost estimates, IT planning, risk technology, applications de…",44702.75,44702.75,1,5210480833,2025-05-22T08:54:30Z,Apps Dev Sr. Programmer Anlyst - PUNE- C12 (Hybrid),,,IT Jobs,it-jobs,Citi,['UK'],UK,full_time,
https://www.adzuna.co.uk/jobs/details/5210482913?utm_medium=api&utm_source=ce5ae1a3,"Smart infrastructure from Siemens makes the world a more connected and caring place – where resources are valued, where impact on the world is considered, where sustainable energy is delivered reliably and efficiently. It provides the flexible infrastructure to allow society to evolve and respond to changing conditions. Technology and the ingenuity of people come together to be at one with our environments and to care for our world. We do this from the macro to the micro level, from physical pr…",44311.83,44311.83,1,5210482913,2025-05-22T08:54:50Z,Product Validation & Certification Engineer - Communication,,,IT Jobs,it-jobs,Siemens,['UK'],UK,full_time,
https://www.adzuna.co.uk/jobs/details/5701541560?utm_medium=api&utm_source=ce5ae1a3,"Security Content Engineer £65000 GBP Hybrid WORKING Location: Central London, Greater London - United Kingdom Type: Permanent Security Content Engineer (SOC) Location: London (Full time - 5 days onsite) Salary: Up to £65,000  bonus Clearance: Must be eligible for UK Developed Vetting (DV) clearance We are seeking an experienced Security Content Engineer to join a high-performing Security Operations Centre (SOC) environment. This role is focused on designing, developing, and optimising detection…",65119.02,65119.02,1,5701541560,2026-04-16T17:47:22Z,Security Content Engineer,51.51985,-0.11126,IT Jobs,it-jobs,Anson Mccade,"['UK', 'London', 'Central London']","Central London, London",full_time,permanent
https://www.adzuna.co.uk/jobs/details/5669430298?utm_medium=api&utm_source=ce5ae1a3,"Who We Are: Galaxy is a global leader in digital assets and data center infrastructure, delivering solutions that accelerate progress in finance and artificial intelligence. We believe that blockchain and digital asset innovation will transform how value moves through the world – and we’re building the products and services to make that future a reality. Our institutional digital assets platform spans trading, investment banking, asset management, staking, self-custody, and tokenization technol…",44468.51,44468.51,1,5669430298,2026-03-17T10:02:33Z,"Analyst, IT Support Engineer",51.503378,-0.139134,IT Jobs,it-jobs,Galaxy,"['UK', 'London']","London, UK",,
https://www.adzuna.co.uk/jobs/details/5677513174?utm_medium=api&utm_source=ce5ae1a3,"Data Solutions Lead – Data & Analytics Reading – Once a week in the office £80,000 – £100,000 Azure / GCP / Databricks / Data Architecture I’m currently working with a fast-growing data and technology consultancy who are looking to hire a Data Solutions Lead to join their expanding team in Reading. The business work across multiple industries including from telecoms to finance to healthcare, where they build products and solutions geared towards supporting their global client base with their da…",80000.0,100000.0,0,5677513174,2026-03-24T23:51:16Z,Data Solutions Lead,51.455002,-0.969088,IT Jobs,it-jobs,Premier Group,"['UK', 'South East England', 'Berkshire', 'Reading']","Reading, Berkshire",full_time,permanent
https://www.adzuna.co.uk/jobs/land/ad/5701322265?se=alX8ELNB8RG559CN95vx2w&utm_medium=api&utm_source=ce5ae1a3&v=052C8D4316CCC94358866EB242018DF1C13A213B,"Job Description Summary GE Vernova’s Grid Software business is focused on providing a suite of software products and services to customers aiming to accelerate a new era of energy by electrifying and decarbonizing the energy ecosystem through intelligent and efficient data analytics, monitoring, and management. As a Senior Solution Architect focussed on our software solutions for the Distribution market you will be an integral part of the commercial team helping guide our customers through the …",48101.14,48101.14,1,5701322265,2026-04-16T11:20:04Z,Technical Sales Consultant – GridOS ADMS,55.943116,-3.327942,IT Jobs,it-jobs,GE Vernova,"['UK', 'Scotland', 'Edinburgh']","Edinburgh, Scotland",full_time,
https://www.adzuna.co.uk/jobs/details/5708908172?utm_medium=api&utm_source=ce5ae1a3,"We’re looking for a proactive and security-minded ICT Service Delivery Technician to strengthen our team. In this pivotal role, you’ll take ownership of Microsoft Intune management, ensure compliance across Microsoft 365, lead vulnerability management (including the Qualys platform), and support our ongoing commitment to Cyber Essentials Plus certification. You’ll play a key part in maximising the value of our Microsoft licensing investment—particularly in the areas of security and compliance—w…",30508.0,32442.0,0,5708908172,2026-04-24T02:50:00Z,ICT Security & Compliance Technician,53.460389,-2.290611,IT Jobs,it-jobs,MSV Housing Group,"['UK', 'North West England', 'Greater Manchester', 'Manchester', 'Old Trafford']","Old Trafford, Manchester",full_time,permanent
https://www.adzuna.co.uk/jobs/details/5710434236?utm_medium=api&utm_source=ce5ae1a3,"Description Tech Architect (Application Modernization / AI Led Transformation) __________________________________________________________________________________________ Location: London, UK Type: Full-time Department: Technology ___________________________________________________________________________________________ Job Summary We are seeking a Tech Architect / Senior Architect to support a leading global financial institution on a multi-year transformation journey. The role will be part of…",62401.14,62401.14,1,5710434236,2026-04-25T19:15:45Z,Tech Architect (Application Modernization / AI Led Transformation),51.503378,-0.139134,IT Jobs,it-jobs,eClerx,"['UK', 'London']","London, UK",full_time,
https://www.adzuna.co.uk/jobs/land/ad/5682807124?se=uPIpEbNB8RG559CN95vx2w&utm_medium=api&utm_source=ce5ae1a3&v=4C9249B69444E4FA278A3D837F4556F43B700D4C,"About the opportunity Turn your digital passion into a professional career. If you have an eye for design and a natural understanding of social media, it is time to professionalise those skills. Netcom Training’s fully-funded Social Media and Web Design course provides the exact technical and strategic knowledge that modern digital employers are actively hiring for. This programme takes you beyond basic posting. You will learn the principles of User Experience and User Interface design, how to …",41831.55,41831.55,1,5682807124,2026-03-30T11:38:48Z,Social Media & Web Designer – Training Course,51.523772,-0.103815,IT Jobs,it-jobs,Netcom Training,"['UK', 'London', 'Central London', 'Farringdon']","Farringdon, Central London",part_time,
https://www.adzuna.co.uk/jobs/land/ad/5701350875?se=uPIpEbNB8RG559CN95vx2w&utm_medium=api&utm_source=ce5ae1a3&v=53D059336E41D10E57217EB68863F4AA410E3C43,"IT Infrastructure Manager - Hands On - On-Site Location: Southend-on-Sea. On-Site 5 days a week Salary: Circa £60,000  benefits Are you an Infrastructure Manager who enjoys staying close to the tech while leading a team? This is a hands-on leadership role within a growing organisation where you'll take ownership of core infrastructure, lead a small team, and play a key role in modernisation and cloud migration initiatives. The Opportunity This is a newly created role due to growth, offering the…",60000.0,60000.0,0,5701350875,2026-04-16T12:25:48Z,IT Infrastructure Manager (Hands-On | On-Site),51.540901,0.71149,IT Jobs,it-jobs,Spectrum IT Recruitment,"['UK', 'Eastern England', 'Essex', 'Southend-On-Sea']","Southend-On-Sea, Essex",full_time,permanent
https://www.adzuna.co.uk/jobs/land/ad/5694974478?se=uPIpEbNB8RG559CN95vx2w&utm_medium=api&utm_source=ce5ae1a3&v=448BBBB429B9C40177305599B3114CAFEA1D3B28,"Junior Data Engineer – Financial Services – £40k - London Overview: We’re partnered with a leading financial services organisation in London seeking a Junior Data Engineer to join their growing team. Over the next 12 months, they’re modernising their stack by containerising workflows, migrating to cloud-based data systems, and introducing orchestration tools such as Prefect.This is a hands on role contributing to a next-generation data platform and helping shape a new centralised data engineeri…",35000.0,40000.0,0,5694974478,2026-04-09T23:42:49Z,Junior Data Engineer,51.503378,-0.139134,IT Jobs,it-jobs,INTEC SELECT LIMITED,"['UK', 'London']","London, UK",full_time,permanent
https://www.adzuna.co.uk/jobs/details/5707547606?utm_medium=api&utm_source=ce5ae1a3,"About ENSEK ENSEK builds the cloud‑native SaaS software that’s transforming how energy retailers operate, innovate and manage at scale. We help retailers lower operating costs, improve billing accuracy for consumers, and enhance customer experience through automation and AI‑driven insight, all underpinned by modern, cloud‑native architecture. ENSEK is at an exciting inflection point as we scale at pace towards new international horizons. If you’re driven by solving complex, real‑world problems …",61950.56,61950.56,1,5707547606,2026-04-22T21:39:06Z,Product Manager - Payments and Refund Processing,52.951918,-1.151154,IT Jobs,it-jobs,ENSEK,"['UK', 'East Midlands', 'Nottinghamshire', 'Nottingham', 'The Park']","The Park, Nottingham",,
https://www.adzuna.co.uk/jobs/land/ad/5701877785?se=uPIpEbNB8RG559CN95vx2w&utm_medium=api&utm_source=ce5ae1a3&v=78C8F99A83B0EC2668505BCCC4BFCA4B471D159D,Job Title: Desktop Support Engineer Contract Type: Temporary Duration: Initial 2 month contract Location: Various Sites (Travel Required) Pay Rate: £150 per day (Outside IR35) Driving Licence and own car required North West England About the Role: Our client is seeking a skilled Desktop Support Engineer for a temporary contract focused on conducting audit work across multiple sites. This is an exciting opportunity for an individual who thrives in dynamic environments and enjoys hands-on technic…,33800.0,39000.0,0,5701877785,2026-04-16T22:46:04Z,Desktop Support Engineer - Outside IR35,,,IT Jobs,it-jobs,Adecco,"['UK', 'North West England', 'Greater Manchester', 'Stockport']","Stockport, Greater Manchester",,contract
https://www.adzuna.co.uk/jobs/land/ad/5119755902?se=uPIpEbNB8RG559CN95vx2w&utm_medium=api&utm_source=ce5ae1a3&v=4CC1D37A7135A7931E36B5FF7B71813D02815CB0,"DEV OPS ENGINEER We are working on a greenfield technology platform build that will transform the business. As a full stack engineer you will be responsible for shaping and implementing new features across a distributed NodeJS, TypeScript and React platform. For infrastructure we use AWS and Kubernetes alongside a modern DevOps stack A typical day might include: Working as part of a cross functional “mission team” to drive DevOps practices, speed up our delivery and drive infrastructure changes…",61866.43,61866.43,1,5119755902,2025-03-31T12:25:03Z,Dev Ops Engineer,51.503378,-0.139134,IT Jobs,it-jobs,Enorth Staffing Limited,"['UK', 'London']","London, UK",,
https://www.adzuna.co.uk/jobs/details/5694403734?utm_medium=api&utm_source=ce5ae1a3,"Job Description Linux Systems Engineer Permanent Location: Harrogate / Hybrid Salary: £60,000 - £80,000 ( benefits) Skills: Linux, Python / Perl scripting, UKIC DV Clearance We are looking to recruit a Linux Systems Engineer for a global organisation. Working in my client’s Operations & Maintenance Team you will be responsible for support critical systems within a highly secure, technology-driven environment. You’ll play a key part in monitoring, maintaining and optimising complex systems that …",60000.0,80000.0,0,5694403734,2026-04-09T11:21:35Z,Linux Systems Engineer,53.990601,-1.53911,IT Jobs,it-jobs,Data Careers,"['UK', 'Yorkshire And The Humber', 'North Yorkshire', 'Harrogate']","Harrogate, North Yorkshire",full_time,permanent
https://www.adzuna.co.uk/jobs/details/5707295210?utm_medium=api&utm_source=ce5ae1a3,"We’re looking for a proactive, customer-focused Solution Consultant to join our Workforce Management (WFM) team. In this role, you’ll take ownership of live customer projects while acting as a trusted technical partner supporting service excellence across the Housing sector. You’ll collaborate closely with internal teams and customers, ensuring solutions deliver real operational value. Drive customer success and operational excellence across WFM solutions by owning service delivery and continuo…",54915.57,54915.57,1,5707295210,2026-04-22T17:20:17Z,Solution Consultant,52.483002,-1.89359,IT Jobs,it-jobs,OneAdvanced,"['UK', 'West Midlands', 'Birmingham']","Birmingham, West Midlands",,
https://www.adzuna.co.uk/jobs/details/5681251246?utm_medium=api&utm_source=ce5ae1a3,"About Us We’re building the world’s leading cross-border fintech for emerging markets - empowering families, fueling local economies, and changing how millions access financial services. Since our launch in 2019, we have transformed how money moves across borders with our operations spanning 6 out of 7 continents and covering both the busiest and most underserved (remittance) corridors. We tapped into a massive shift - from banks to phones - bringing digital finance to places where traditional …",57648.48,57648.48,1,5681251246,2026-03-28T11:12:33Z,Business Operations Manager — People & Systems,51.503378,-0.139134,IT Jobs,it-jobs,Taptap Send,"['UK', 'London']","London, UK",full_time,
https://www.adzuna.co.uk/jobs/land/ad/5692505504?se=YItrEbNB8RG60p_fUSdYlA&utm_medium=api&utm_source=ce5ae1a3&v=546C99E3CEBED40BF4FC72A565A0B4AF06595716,"A senior IT leadership role responsible for shaping and delivering enterprise-wide IT strategy across the UK and neighbouring European markets. The position leads IT teams, application lifecycle management and landscape transformation, driving standardisation, security and high-quality service delivery aligned to business priorities. Client Details This is a permanent position within a well-established organisation in Milton Keynes. The company operates as a medium-sized enterprise and is known…",90000.0,100000.0,0,5692505504,2026-04-08T01:54:28Z,Head of IT,52.042198,-0.7047,IT Jobs,it-jobs,Michael Page Technology,"['UK', 'South East England', 'Buckinghamshire', 'Milton Keynes']","Milton Keynes, Buckinghamshire",full_time,permanent
https://www.adzuna.co.uk/jobs/land/ad/5706320512?se=YItrEbNB8RG60p_fUSdYlA&utm_medium=api&utm_source=ce5ae1a3&v=77CD05250943150A091FECB085B027E0892DBA43,"AI Agentic Engineer (MedTech) We’re partnering with an innovative MedTech company in North of England that is building next-generation intelligent healthcare solutions. They are now looking for an number of AI Agentic Engineer to help design, build, and deploy autonomous AI systems that will directly support clinical and operational decision-making. This is a highly impactful role where you’ll be working at the intersection of AI, software engineering, and healthcare innovation - developing age…",50000.0,85000.0,0,5706320512,2026-04-21T19:02:48Z,AI Agentic Engineer X 3,,,IT Jobs,it-jobs,Adria Solutions,"['UK', 'North East England', 'Tyne & Wear', 'Newcastle Upon Tyne']","Newcastle Upon Tyne, Tyne & Wear",full_time,permanent
https://www.adzuna.co.uk/jobs/details/5584360084?utm_medium=api&utm_source=ce5ae1a3,"Senior DataEngineer-RemoteWorking LynxarecurrentlyworkingwithalargeITconsultancytohelpthemsourceaDataEngineer.OurclientislargeglobalConsultancywhoworkwithenterpriseclients,solvingtheirbusinessandtechnologyproblemsusingcuttingedgesolutions. Asa DataEngineer ,youwillplayakeyroleindesigning,building,andmaintainingrobustdataplatformsandpipelines.Youllworkalongsidedatascientists,analysts,andengineerstoensurereliable,scalable,andhigh-qualitydatasolutions. Whatyoullbedoing: Designingandbuildingdatapip…",80000.0,80000.0,0,5584360084,2026-01-14T18:33:16Z,Senior Data Engineer,51.448229,-0.195605,IT Jobs,it-jobs,Lynx Recruitment Limited,"['UK', 'London', 'South West London']","South West London, London",,
https://www.adzuna.co.uk/jobs/details/5628029480?utm_medium=api&utm_source=ce5ae1a3,"Description Company Description Tradeweb is a global leader in electronic trading for rates, credit, equities, and money markets. As financial markets become increasingly interconnected, our technology enables efficient, multi-asset trading on a global scale. We serve more than 3,000 clients in more than 85 countries, including many of the world’s largest banks, asset managers, hedge funds, insurers, corporations, and wealth managers. Creative collaboration and sharp client focus have helped fu…",78894.85,78894.85,1,5628029480,2026-02-13T17:19:15Z,"Director, Product Manager - Rates (Japan)",51.503378,-0.139134,IT Jobs,it-jobs,Tradeweb Markets,"['UK', 'London']","London, UK",,
https://www.adzuna.co.uk/jobs/details/5665229428?utm_medium=api&utm_source=ce5ae1a3,"Welcome to Planet. We believe in using space to help life on Earth. Planet designs, builds, and operates the largest constellation of imaging satellites in history. This constellation delivers an unprecedented dataset of empirical information via a revolutionary cloud-based platform to authoritative figures in commercial, environmental, and humanitarian sectors. We are both a space company and data company all rolled into one. Customers and users across the globe use Planet's data to develop ne…",68181.3,68181.3,1,5665229428,2026-03-14T10:23:29Z,PreSales Sr. Solutions Architect - French Defense and Intelligence,,,IT Jobs,it-jobs,Planet,['UK'],UK,full_time,contract
https://www.adzuna.co.uk/jobs/details/5708412412?utm_medium=api&utm_source=ce5ae1a3,"IT Technician West Bromwich £25,000 to £29,000 We are recruiting for an IT Technician to join a well-established, family-owned business based in West Bromwich. This is a great opportunity for someone who enjoys a hands-on IT support role and wants to be part of a close-knit team where you can make a real impact day to day. The role: As IT Technician, you will be responsible for supporting users across the business, ensuring systems run smoothly and resolving issues as they arise. This is a full…",28000.0,28000.0,0,5708412412,2026-04-23T17:51:20Z,IT Technician,52.519299,-1.99987,IT Jobs,it-jobs,Euro Projects Recruitment,"['UK', 'West Midlands', 'West Bromwich']","West Bromwich, West Midlands",,
https://www.adzuna.co.uk/jobs/details/5693284715?utm_medium=api&utm_source=ce5ae1a3,"3rd Line MSP Engineer - £45,000 Location: Birmingham (hybrid) Salary: £45,000 Are you an experienced 3rd Line Engineer with a passion for solving complex technical issues in a fast-paced Managed Service Provider (MSP) environment? We're looking for a skilled and motivated professional to join our growing team, supporting a diverse portfolio of clients across multiple industries. Key Responsibilities Provide 3rd line technical support for escalated incidents and service requests. Troubleshoot an…",45000.0,45000.0,0,5693284715,2026-04-08T17:47:26Z,3rd Line MSP Engineer,52.483002,-1.89359,IT Jobs,it-jobs,Nextech Group Limited,"['UK', 'West Midlands', 'Birmingham']","Birmingham, West Midlands",,
https://www.adzuna.co.uk/jobs/land/ad/5696722405?se=YItrEbNB8RG60p_fUSdYlA&utm_medium=api&utm_source=ce5ae1a3&v=BB75923C582A4AD9A76718B579284EDDED9D89D5,"ABOUT US: LSEG (London Stock Exchange Group) is more than a diversified global financial markets infrastructure and data business. We are dedicated, open-access partners with a dedication to excellence in delivering the services our customers expect from us. With extensive experience, deep knowledge and worldwide presence across financial markets, we enable businesses and economies around the world to fund innovation, manage risk and create jobs. It's how we've contributed to supporting the fin…",59442.31,59442.31,1,5696722405,2026-04-11T13:58:29Z,Technical Product Manager - Azure Cloud Platform - London Stock Exchange Group,51.503378,-0.139134,IT Jobs,it-jobs,London Stock Exchange Group,"['UK', 'London']","London, UK",full_time,
https://www.adzuna.co.uk/jobs/details/5700005719?utm_medium=api&utm_source=ce5ae1a3,".NET Engineer (IAM) Hybrid (Bristol) Why Join Kallidus: People are at the heart of everything we do and the key to our success, so it’s important that we recruit individuals who share and represent our values. Curiosity, integrity, collaboration – these are the values we live by. You need to ask questions and to find out why. You need to be true to your word. And you need to be proud to be part of something bigger, working with others will come naturally to you. At Kallidus, we champion our peo…",40000.0,50000.0,0,5700005719,2026-04-15T11:16:07Z,.NET Engineer (IAM),,,IT Jobs,it-jobs,Kallidus,['UK'],UK,,
https://www.adzuna.co.uk/jobs/details/5549757384?utm_medium=api&utm_source=ce5ae1a3,"Platform Engineer III The Platform Engineering team is a collection of highly skilled individuals ranging from development to operations with a security first mindset who strive to push the boundaries of technology. We champion a DevSecOps culture and raise the bar on how and when we deploy applications to production. Our core principals are centered around automation, testing, quality, and immutability all via code. If you are passionate about developer productivity, cloud native applications,…",94563.47,94563.47,1,5549757384,2025-12-20T09:39:19Z,Platform Engineer III,,,IT Jobs,it-jobs,Chicago Mercantile Exchange,['UK'],UK,full_time,
https://www.adzuna.co.uk/jobs/land/ad/5693485563?se=FLubEbNB8RG559CN95vx2w&utm_medium=api&utm_source=ce5ae1a3&v=24AA5E2E45B6C43489F58DFE8F4DCCCDCCFE9B96,"IT Service Delivery Manger £55,000 - £65,000  £7,500 car allowance, up to 20% bons and extensive benefits Full Time / Permanent Hybrid / Birmingham (2 days a week in the office  occasional UK travel) The Company: My client is a well-known retail, hospitality and entertainment brand who operate on a global scale. They are headquartered in Birmingham, and have offices and sites throughout the UK. The Role: I am looking for a driven and experienced IT Service Delivery Manager to join a close knit …",60000.0,65000.0,0,5693485563,2026-04-08T19:44:39Z,IT Service Delivery Manager,52.483002,-1.89359,IT Jobs,it-jobs,Akkodis,"['UK', 'West Midlands', 'Birmingham']","Birmingham, West Midlands",full_time,permanent
https://www.adzuna.co.uk/jobs/details/5692501243?utm_medium=api&utm_source=ce5ae1a3,"Senior Planning / Project Manager - Growth Agency - Central London - c.£50K You'll own delivery across a portfolio of complex, multi-channel projects - paid media, creative, landing pages, tracking, app builds - all moving at pace, all at once. You're the person who makes it all work. What You'll Do Own projects end-to-end - scope, plan, resource, deliver Build clear, realistic timelines (before things break, not after) Track progress daily, flag risks early, fix problems fast Manage budgets, s…",50000.0,55000.0,0,5692501243,2026-04-08T01:49:34Z,"Digital Project/Planning Manager, London, Hybrid, c. £50K",,,IT Jobs,it-jobs,Salt Search,"['UK', 'London']","London, UK",full_time,permanent
https://www.adzuna.co.uk/jobs/details/5210490760?utm_medium=api&utm_source=ce5ae1a3,Role Purpose The purpose of this role is to prepare test cases and performtesting of the product/ platform/ solution to be deployed at a clientend and ensure its meet 100% quality assurance parameters Do Instrumental in understanding the test requirements and testcase design of the product Authoring test planning with appropriate knowledge on businessrequirements and corresponding testable requirements Implementation of Wipro's way of testing using Model basedtesting and achieving efficient way…,37737.88,37737.88,1,5210490760,2025-05-22T08:55:36Z,Test Engineer,,,IT Jobs,it-jobs,wipro,['UK'],UK,full_time,contract
https://www.adzuna.co.uk/jobs/details/5210483840?utm_medium=api&utm_source=ce5ae1a3,"Honeywell prides itself in excelling in a highly competitive market providing state of the art solution. The engineers in Honeywell constantly adapts and upgrades to latest and futuristic technology that keeps us ahead of time. Aspiration Detection is a highly advanced field fold fire detection providing early detection and waring in case of fire. These are cutting edge technology that needs highly skilled engineer who work with advanced signal processing algorithms, fast and accurate processin…",49689.79,49689.79,1,5210483840,2025-05-22T08:54:55Z,Advanced Embedded Engr,,,IT Jobs,it-jobs,Honeywell,['UK'],UK,full_time,
https://www.adzuna.co.uk/jobs/details/5591493383?utm_medium=api&utm_source=ce5ae1a3,"Collinson is the global, privately-owned company dedicated to helping the world to travel with ease and confidence. The group offers a unique blend of industry and sector specialists who together provide market-leading airport experiences, loyalty and customer engagement, and insurance solutions for over 400 million consumers. Collinson is the operator of Priority Pass, the world’s original and leading airport experiences programme. Travellers can access a network of 1,500 lounges and travel ex…",47875.56,47875.56,1,5591493383,2026-01-19T19:04:42Z,Business Analyst (12 month FTC),51.504176,-0.079744,IT Jobs,it-jobs,Collinson,"['UK', 'London', 'East London', 'Tower Bridge']","Tower Bridge, East London",,contract
https://www.adzuna.co.uk/jobs/details/5707201967?utm_medium=api&utm_source=ce5ae1a3,"Who we are looking for As part of the Professional Services organization within Mercatus, the primary goal of the Principal Consultant will be ensuring successful Implementation and Configuration Services (“ICS”) to meet customer requirements while promoting customer adoption and providing a channel for the sale of other company Software and Services. This role is extremely critical as it takes the handoff of a client from a finalized Sales contract to ensuring that customer is effectively on-b…",85492.84,85492.84,1,5707201967,2026-04-22T14:54:38Z,"Principal Consultant,Mercatus, Vice President",51.503378,-0.139134,IT Jobs,it-jobs,State Street,"['UK', 'London']","London, UK",full_time,
https://www.adzuna.co.uk/jobs/details/5704449582?utm_medium=api&utm_source=ce5ae1a3,"Job Description Oxford or Hampshire | Hybrid Circa £65,365 per annum  benefits Permanent | Full time (flexible) We’re looking for a highly skilled Senior Information Assurance & Risk Specialist to help shape secure, modern digital services in a complex highly secure environment. This is a senior technical role where you’ll lead through expertise, coaching and collaboration—not line management. You’ll apply your strong technical background to assess security controls, guide secure-by-design deci…",70364.06,70364.06,1,5704449582,2026-04-19T11:24:36Z,Senior Information Assurance & Risk Specialist,,,IT Jobs,it-jobs,Data Careers,['UK'],UK,full_time,permanent
https://www.adzuna.co.uk/jobs/details/5698219496?utm_medium=api&utm_source=ce5ae1a3,"Summary Works with the Senior Infrastructure Technician(s) / Infrastructure Technician(s), supporting all aspects of the technical infrastructure (e.g. networks, network equipment, servers and PCs) and Cyber Security protection. Wage £25,000 a year Check minimum wage rates (opens in new tab) Training course Information communications technician (level 3) Hours Monday - Friday (9:00am - 5:30pm). Shifts TBC. 37 hours 30 minutes a week Start date Tuesday 5 May 2026 Duration 1 year 6 months Positio…",25000.0,25000.0,0,5698219496,2026-04-13T16:35:37Z,1st Line IT Support Apprentice,51.781756,0.546014,IT Jobs,it-jobs,Find an apprenticeship,"['UK', 'Eastern England', 'Essex']","Essex, Eastern England",full_time,
https://www.adzuna.co.uk/jobs/land/ad/5706158885?se=FLubEbNB8RG559CN95vx2w&utm_medium=api&utm_source=ce5ae1a3&v=E08642A4CCD7640556583E5434E7ED9772931392,"Are you looking to benefit from a new career in Data Analysis? If you are detail orientated, perceptive, organised, competent, analytical and can communicate well with those around you; you could have a truly rewarding future as a Data Analyst We do this using our specialised Data Analyst career programme which looks to assist and place qualified candidates into a career pathway in Data Analysis. Please note this career program is designed for entry level individuals with limited or no experien…",30000.0,50000.0,0,5706158885,2026-04-21T12:59:59Z,Trainee Data Analyst,51.340698,0.731556,IT Jobs,it-jobs,ITOL Recruit,"['UK', 'South East England', 'Kent', 'Sittingbourne']","Sittingbourne, Kent",full_time,permanent
https://www.adzuna.co.uk/jobs/details/5684461971?utm_medium=api&utm_source=ce5ae1a3,"Welcome to AALTO, a global leader in Stratospace. Based in Farnborough, AALTO is an Airbus subsidiary that manufactures, operates, and delivers services with its solar-powered, stratospheric platform: Zephyr. Zephyr’s persistence enables continuous flight for months at a time. Its current flight-time record of over 67 days in the stratosphere. From above 60,000ft, or 20km above ground, AALTO can deliver several applications including direct-to-device connectivity and high-resolution Earth obser…",55676.94,55676.94,1,5684461971,2026-03-31T21:28:09Z,Projects Control Manager,51.286562,-0.73797,IT Jobs,it-jobs,AALTO,"['UK', 'South East England', 'Surrey', 'Camberley', 'Mytchett']","Mytchett, Camberley",,
https://www.adzuna.co.uk/jobs/details/5708907767?utm_medium=api&utm_source=ce5ae1a3,"GROUP OPERATIONS MANAGER – PROPERTY/HQ As Group Operations Manager, you will play a pivotal role in shaping and executing the operational strategy across a diverse portfolio of properties. You will lead initiatives that drive commercial performance, elevate guest experience, and embed operational excellence at scale. Acting as a strategic partner to senior leadership and cross-functional teams, you will ensure that operations are agile, brand-aligned, and future-ready. The position is based ful…",50719.44,50719.44,1,5708907767,2026-04-24T02:49:33Z,Group Operations Manager,51.502737,-0.09126,IT Jobs,it-jobs,edyn,"['UK', 'London', 'South East London', 'Southwark']","Southwark, South East London",full_time,permanent
https://www.adzuna.co.uk/jobs/land/ad/5701877854?se=MNrTEbNB8RG559CN95vx2w&utm_medium=api&utm_source=ce5ae1a3&v=0EA3C1AB09E87C68C4329866F94B7AD3466D14B6,"Software Developer required for our client in Romsey, Hampshire. This role is hybrid working. Required experience: PHP Laravel React.Js AWS Role is paying £40k-£55k DOE. 2 stage interview process  technical task Looking for someone to start asap.",40000.0,55000.0,0,5701877854,2026-04-16T22:46:08Z,"PHP Developer (Laravel, React.Js, AWS)",50.988899,-1.49887,IT Jobs,it-jobs,4Square Recruitment Ltd,"['UK', 'South East England', 'Hampshire', 'Romsey']","Romsey, Hampshire",full_time,permanent
https://www.adzuna.co.uk/jobs/details/5617113691?utm_medium=api&utm_source=ce5ae1a3,"At Elanco (NYSE: ELAN) – it all starts with animals! As a global leader in animal health, we are dedicated to innovation and delivering products and services to prevent and treat disease in farm animals and pets. At Elanco, we are driven by our vision of Food and Companionship Enriching Life and our purpose – all to Go Beyond for Animals, Customers, Society and Our People. At Elanco, we pride ourselves on fostering a diverse and inclusive work environment. We believe that diversity is the drivi…",56162.88,56162.88,1,5617113691,2026-02-06T09:08:25Z,Director Supply Chain EEM API,53.342098,-2.84445,IT Jobs,it-jobs,Elanco,"['UK', 'North West England', 'Merseyside', 'Liverpool', 'Speke']","Speke, Liverpool",full_time,contract
https://www.adzuna.co.uk/jobs/details/5587909577?utm_medium=api&utm_source=ce5ae1a3,"The design lead will play a vital role in delivering both electronic and physical security systems design packages. You'll collaborate closely with our BIM/CAD Technicians and the technical team throughout the process, confidently guiding cross-discipline coordination and making informed decisions as client documentation evolves. It's important to ensure that everything aligns perfectly with baseline requirements. We’re looking for someone with strong problem-solving abilities, a commitment to …",40582.9,40582.9,1,5587909577,2026-01-16T17:08:08Z,Design Lead,51.571999,-0.776902,IT Jobs,it-jobs,Evolution Security,"['UK', 'South East England', 'Buckinghamshire', 'Marlow']","Marlow, Buckinghamshire",,
https://www.adzuna.co.uk/jobs/land/ad/5706321050?se=MNrTEbNB8RG559CN95vx2w&utm_medium=api&utm_source=ce5ae1a3&v=8616CCD7705892B67DCBD7A31CAB71685F40A33D,"Senior Software Engineer C++ When registering to this job board you will be redirected to the online application form. Please ensure that this is completed in full in order that your application can be reviewed. Within your role as Senior Software Engineer no two days will look the same; with a variety of projects there’s always something new to learn. You will be joining an already established and talented team, which is currently 150 strong and comprised of Apprentice Engineers through to Sol…",45000.0,45000.0,0,5706321050,2026-04-21T19:04:02Z,Senior Software Engineer C,53.022564,-1.2865,IT Jobs,it-jobs,Microlise,"['UK', 'East Midlands', 'Nottinghamshire', 'Nottingham', 'Newthorpe']","Newthorpe, Nottingham",full_time,
https://www.adzuna.co.uk/jobs/details/5665231164?utm_medium=api&utm_source=ce5ae1a3,"From a small family business to a multi-billion dollar global company, Sonoco has been changing the face of products and packaging since 1899 — all while keeping the heart of “People Build Businesses” alive. Our talented people are at the core of our growth, constantly reinventing the Sonoco wheel with brilliant solutions every year. Today we are a world leader in global packaging solutions with diversified operations in over 45 countries. We're extremely proud of our portfolio of brands, our a…",59756.86,59756.86,1,5665231164,2026-03-14T10:25:17Z,Transition & Change Management Specialist,,,IT Jobs,it-jobs,Sonoco,['UK'],UK,full_time,
https://www.adzuna.co.uk/jobs/land/ad/5707343462?se=MNrTEbNB8RG559CN95vx2w&utm_medium=api&utm_source=ce5ae1a3&v=C423BFE08054D8F31739F374458D14B42EB7A425,"Launch Your Cyber Security Career – Job Guaranteed! Cyber attacks are rising, and companies need skilled professionals now more than ever. With Newto Training’s Cyber Security Career Programme, you’ll gain 4 top certifications (Azure Fundamentals, CompTIA Security, CompTIA CySA, Forescout FSCA) plus real-world project work that doubles as hands-on experience. 100 hours of live training Practical skills in troubleshooting, networking (Cisco), Azure cloud, Splunk SIEM & Tenable vulnerability mana…",10000.0,50000.0,0,5707343462,2026-04-22T19:08:43Z,Trainee IT Helpdesk Technician / 1st Line Support,,,IT Jobs,it-jobs,Newto Training,"['UK', 'North West England', 'Greater Manchester', 'Manchester']","Manchester, Greater Manchester",full_time,permanent
https://www.adzuna.co.uk/jobs/details/5687232402?utm_medium=api&utm_source=ce5ae1a3,"PolyAI automates customer service through lifelike voice assistants that let customers lead a conversation. Our voice assistants make it possible for businesses to deliver outstanding customer service that rivals their human agents. Our customers, which include the world’s leading logos, are expanding how they use our platform, driving automation of critical customer service operations and integrating PolyAI into their daily customer service workflows. Your responsibility will involve: Working …",90750.89,90750.89,1,5687232402,2026-04-02T11:13:23Z,Director of Compliance,,,IT Jobs,it-jobs,PolyAI,['UK'],UK,,
https://www.adzuna.co.uk/jobs/land/ad/5685849329?se=MNrTEbNB8RG559CN95vx2w&utm_medium=api&utm_source=ce5ae1a3&v=F1E8F388598F290EAAD4295BDD9389049237C4C6,"This is a fantastic opportunity to work as an Service Designer on a long term contract, inside IR35, on a remote basis. The key skills required for this Service Designer role are: Service design Create frameworks to validate and scale AI solutions enable a consistent AI across the business from sand pit to production If you do have the relevant experience for this Infrastructure Service Designer role, please do apply",182000.0,188500.0,0,5685849329,2026-04-01T17:45:27Z,Service Designer - AI - Remote - Inside IR35,,,IT Jobs,it-jobs,Morson Edge,['UK'],UK,,contract
https://www.adzuna.co.uk/jobs/land/ad/5701872988?se=MNrTEbNB8RG559CN95vx2w&utm_medium=api&utm_source=ce5ae1a3&v=AAF3FEB23961F88FAC2C0CBA014201CD77E1243C,"Xpertex Xpertex, part of the larger Exponential-e Group, are an information and data cyber security company that have been providing high-security services and solutions to the public and private sector since 2006. With over 15 years’ experience Xpertex is a leader in cyber security, solving complex security problems across Government, Industry and Commerce. Through our experience, knowledge and expertise we have developed trusted relationships with high profile clients; giving them the best so…",49093.38,49093.38,1,5701872988,2026-04-16T22:37:35Z,Senior DevOps Consultant,,,IT Jobs,it-jobs,Exponential-e,"['UK', 'London']","London, UK",full_time,permanent
https://www.adzuna.co.uk/jobs/land/ad/5709980021?se=JPAFErNB8RG559CN95vx2w&utm_medium=api&utm_source=ce5ae1a3&v=99805CEF55C3DD53D7108C7BB87688032C6F9F07,"Technical Lead Salary: £85,000-90,000 (Depending on experience) Location: London - Hybrid Maxwell Bond have partnered with a leading digital and creative organisation, who are looking for a Technical Lead to join on a permanent basis. This is a fantastic opportunity for someone who enjoys hands-on development and is ready to take that next step up into leadership, overseeing the end to end in both client projects and in-house products in a fast paced environment. As Technical Lead, you'll work …",74337.48,74337.48,1,5709980021,2026-04-25T04:06:45Z,Technical Lead,,,IT Jobs,it-jobs,Maxwell Bond,"['UK', 'London', 'Central London', 'The City']","The City, Central London",,permanent
https://www.adzuna.co.uk/jobs/land/ad/5666299562?se=JPAFErNB8RG559CN95vx2w&utm_medium=api&utm_source=ce5ae1a3&v=F1ECE4066A0EBB02D32B9F9902F953B3358186C2,"Job Description: SECURITY CLEARANCE: Must have or be able to obtain UK SC Security Clearance. LOCATION: Corsham, Wiltshire (with some hybrid working available subject to our Hybrid Working Policy) TYPE: Full time WHAT'S IN IT FOR YOU Financial Reward: Competitive salary, annual profit share, contributory pension, share options, car leasing scheme, free onsite parking, season ticket loan, tax-free technology scheme, discounted shopping and much more Work / Life Balance: 37 hour week, flexible wo…",39446.77,39446.77,1,5666299562,2026-03-15T10:17:02Z,Satellite Operation Engineer,51.461102,-2.1195,IT Jobs,it-jobs,Airbus,"['UK', 'South West England', 'Wiltshire', 'Chippenham']","Chippenham, Wiltshire",full_time,permanent
https://www.adzuna.co.uk/jobs/details/5710795499?utm_medium=api&utm_source=ce5ae1a3,"Salary: £80,000 - 95,000 per year Requirements: • Experience: 3 years in engineering leadership roles, with a proven track record of successfully leading engineering teams in a fast-paced environment. • Technical Expertise: Strong background in software development and architecture. Expertise in modern tech stacks (e.g., TypeScript, Node.js, SQL, cloud platforms like AWS). Hands-on experience with both front-end and back-end technologies. • Leadership Skills: Demonstrated ability to lead, inspi…",80000.0,95000.0,0,5710795499,2026-04-26T04:29:30Z,Technical Lead,51.535019,-0.139323,IT Jobs,it-jobs,Serac Group,"['UK', 'London', 'North West London', ""Regent's Park""]","Regent's Park, North West London",full_time,
https://www.adzuna.co.uk/jobs/details/5210482436?utm_medium=api&utm_source=ce5ae1a3,"Minimum qualifications: Bachelor’s degree or equivalent practical experience. 5 years of experience with software development in one or more programming languages, and with data structures/algorithms. 3 years of experience testing, maintaining and/or launching software products, and 1 year of experience with software design and architecture. 3 years of experience with ML/AI algorithms and tools, deep learning and/or natural language processing. Preferred qualifications: Master's degree or PhD i…",41839.41,41839.41,1,5210482436,2025-05-22T08:54:47Z,"Senior Software Engineer, Machine Learning, Geo",,,IT Jobs,it-jobs,Google,['UK'],UK,full_time,
https://www.adzuna.co.uk/jobs/details/5693029297?utm_medium=api&utm_source=ce5ae1a3,"Job Description SAP BI / BW Consultant Location: Hybrid – 50% remote and 50% Manchester / Northwest England Contract Type : Permanent Travel: Travel on-site in Europe for key stages (expenses covered) The Opportunity Our client is seeking a dedicated SAP BI Consultant to join their development team for a multinational SAP S/4 Hana migration. The successful candidate will be responsible for the end-to-end delivery of high-quality business intelligence solutions, ensuring that all developments ad…",70950.98,70950.98,1,5693029297,2026-04-08T11:13:16Z,SAP BI / BW Consultant,53.480701,-2.23438,IT Jobs,it-jobs,Dsr Global,"['UK', 'North West England', 'Greater Manchester', 'Manchester']","Manchester, Greater Manchester",full_time,permanent
https://www.adzuna.co.uk/jobs/details/5697060514?utm_medium=api&utm_source=ce5ae1a3,"Amentum is a global leader in engineering, project and programme management, and solutions integration. Built on strong programme and engineering delivery experience, supported by deep specialist capabilities, Amentum is a recognised partner across major UK Government and commercial programmes. People are at the centre of what we do. We offer a competitive package designed to attract and retain talent. In addition to standard benefits, UK employees receive free single medical cover, digital GP …",42205.13,42205.13,1,5697060514,2026-04-12T01:00:04Z,Data Architect,51.4813,-3.1805,IT Jobs,it-jobs,Amentum,"['UK', 'Wales', 'Cardiff County', 'Cardiff']","Cardiff, Cardiff County",,
https://www.adzuna.co.uk/jobs/land/ad/5681349044?se=JPAFErNB8RG559CN95vx2w&utm_medium=api&utm_source=ce5ae1a3&v=4A286BAE7E959AFB7C183A9AEE96C0A10A05D82F,"Configuration Engineer Orion is working with a leading innovator in aerospace and defence technology, dedicated to delivering cutting-edge solutions for a wide range of complex engineering challenges. With a strong focus on quality, safety, and innovation, the company supports global clients with reliable and advanced products, particularly in the Antennas Business Unit. The role of the Configuration Engineer They are seeking a highly skilled Configuration Engineer to join their team. In this p…",50000.0,50000.0,0,5681349044,2026-03-28T11:52:47Z,Configuration Engineer,51.571999,-0.776902,IT Jobs,it-jobs,Orion Electrotech Sales,"['UK', 'South East England', 'Buckinghamshire', 'Marlow']","Marlow, Buckinghamshire",,permanent
https://www.adzuna.co.uk/jobs/land/ad/5694399997?se=JPAFErNB8RG559CN95vx2w&utm_medium=api&utm_source=ce5ae1a3&v=7D728BA7D724DE91600344053F7743FC6FB93A8D,"Statistics Estonia and Nortal are linked by almost a decade of cooperation. In the bigger picture, the basic processes of Statistics Estonia consist of data acquisition, organisation, analysis and the publication of the results. One of the client’s most important goals is REGREL2020 i.e. the next population and housing census, which the client is planning to carry out on a fundamentally different basis – this plan does not require residents of Estonia to answer individual questions themselves, …",36304.21,36304.21,1,5694399997,2026-04-09T11:16:16Z,Java Programmer,51.503378,-0.139134,IT Jobs,it-jobs,Work at Acme.com,"['UK', 'London']","London, UK",full_time,
https://www.adzuna.co.uk/jobs/details/5708450492?utm_medium=api&utm_source=ce5ae1a3,"Technical Administrator Full-time, Wetherby, £28,000 plus excellent benefits including healthcare and parking. Excellent opportunity for training and development available. We are seeking a detail-driven and proactive Technical Administrator to join our clients growing technical team. This is a fantastic opportunity for someone with experience or qualifications in food technology or food production who is looking to develop their career within a supportive and collaborative environment. Working…",35126.03,35126.03,1,5708450492,2026-04-23T19:19:57Z,Technical Administrator - Wetherby,53.957699,-1.08229,IT Jobs,it-jobs,Unity Resourcing,"['UK', 'Yorkshire And The Humber', 'North Yorkshire', 'York']","York, North Yorkshire",full_time,
https://www.adzuna.co.uk/jobs/details/5701543068?utm_medium=api&utm_source=ce5ae1a3,"Lead Training Needs Analyst - Army Collective Training Permanent role - 37.5 hours a week Warminster with some flexibility to work from home 1 or 2 days a week up to £65,000 depending on skills and experience Due to the nature of this role, you must be eligible for UK Security Clearance at BPSS level. Turn Insight into Impact - Help Shape the Future of Military Readiness. Are you ready to make a real difference in how British Army units train and perform? As the Lead Training Analyst, you'll pl…",42767.15,42767.15,1,5701543068,2026-04-16T17:54:20Z,Lead Training Needs Analyst - Army Collective Training,51.2603,-2.18551,IT Jobs,it-jobs,Capita,"['UK', 'South West England', 'Wiltshire', 'Westbury']","Westbury, Wiltshire",full_time,permanent
https://www.adzuna.co.uk/jobs/land/ad/5708331966?se=MoRAErNB8RG559CN95vx2w&utm_medium=api&utm_source=ce5ae1a3&v=F12AAD66C5D8F7B8CA6940087F762D1DAD23DD2C,Most broadcast environments talk about transformation. Very few actually modernise the infrastructure behind live sport. This role is about leading the engineering projects that keep world-class sports production moving. Why This Role Global leader in sports media  live production Real ownership across engineering projects and technical delivery High-impact work supporting premium live sports rights holders The Company / Product You’ll be joining a market-leading sports media business deliverin…,71555.14,71555.14,1,5708331966,2026-04-23T13:51:45Z,Lead Project Engineer,,,IT Jobs,it-jobs,5V Video,"['UK', 'London', 'Central London', 'The City']","The City, Central London",,
https://www.adzuna.co.uk/jobs/land/ad/5710394245?se=MoRAErNB8RG559CN95vx2w&utm_medium=api&utm_source=ce5ae1a3&v=49FD4E506106F3E85AABD0679008D51D8FA5FB8D,"Location: Chester Hybrid 1 day in the office Salary £60k Front End Developer (React) Our client is looking for a talented React Developer to help shape and evolve their web applications. If you’re passionate about clean code, modern front-end technologies, and building exceptional user experiences, this could be your next move. About the Role As a React Front End Developer, you’ll be part of a collaborative, fast-moving team working across the full development lifecycle, from initial concept an…",74667.66,74667.66,1,5710394245,2026-04-25T16:10:26Z,Frontend Developer (React),,,IT Jobs,it-jobs,Recann,['UK'],UK,,
https://www.adzuna.co.uk/jobs/land/ad/5700243781?se=MoRAErNB8RG559CN95vx2w&utm_medium=api&utm_source=ce5ae1a3&v=1D72B0E30E635F1D42F4E55A9D8CAD8BE859C2E7,"Applications Manager (General) Salary Circa £55,000 per annum with some flexibility for the right candidate Location: Knowsley, Prescot, Liverpool L34 9ET Salary: circa £55,000 per annum, with some flexibility for the right candidate Contract: Permanent, Full-Time Approximate re-opening of head office September 2026. Are you passionate about making a difference in the housing sector? If you enjoy influencing how digital estates supports the business, ensuring systems are effective, user‑centere…",55000.0,55000.0,0,5700243781,2026-04-15T14:36:36Z,Applications Manager (General),53.408258,-2.916292,IT Jobs,it-jobs,Cobalt Housing Limited,"['UK', 'North West England', 'Merseyside', 'Liverpool', 'Stanley']","Stanley, Liverpool",full_time,permanent
https://www.adzuna.co.uk/jobs/details/5702472360?utm_medium=api&utm_source=ce5ae1a3,"Location: Any VodafoneThree Office Location Hybrid Salary: Excellent basic salary plus bonus and Vodafone benefits Working hours: Full time 37.5 hours per week - Monday to Friday Security Clearance : This position requires the ability to obtain an Enhanced Security clearance. Hybrid We believe that through collaboration and connection with our colleagues we can achieve great things. Our hybrid working approach allows our people to work both in the office and at home, providing the flexibility a…",36440.61,36440.61,1,5702472360,2026-04-17T11:57:51Z,VodafoneThree - Change Analyst,53.480701,-2.23438,IT Jobs,it-jobs,VodafoneThree,"['UK', 'North West England', 'Greater Manchester', 'Manchester']","Manchester, Greater Manchester",full_time,
https://www.adzuna.co.uk/jobs/land/ad/5701873124?se=MoRAErNB8RG559CN95vx2w&utm_medium=api&utm_source=ce5ae1a3&v=093166D3C3C361E3C938AC10D4D81B7F00981B5E,"Business Analyst Permanent, Full Time Competitive Salary Plus TXP Benefits (Pension, Private Family Healthcare etc) - Please enquire Location: West Midlands - Hybrid Working Candidates must live within commutable distance of Warwickshire & Birmingham. Applications must include their current location to be considered. A full driving licence and own transport is also required This is an excellent full time opportunity for an experienced Business Analyst to join TXP during a period significant gro…",50700.38,50700.38,1,5701873124,2026-04-16T22:38:28Z,Business Analyst,52.304095,-1.552465,IT Jobs,it-jobs,TXP Technology x People,"['UK', 'West Midlands', 'Warwickshire']","Warwickshire, West Midlands",full_time,permanent
https://www.adzuna.co.uk/jobs/land/ad/5328199372?se=MoRAErNB8RG559CN95vx2w&utm_medium=api&utm_source=ce5ae1a3&v=32448614FC7DAD0B9812836581990F0C491DB10B,"This role sits within Preqin, a part of BlackRock. Preqin plays a key role in how we are revolutionizing private markets data and technology for clients globally, complementing our existing Aladdin technology platform to deliver investment solutions for the whole portfolio. The Private Markets Data Engineering team is a cross-functional team in Aladdin Data, responsible for innovating and revolutionizing the way in which we acquire, manage, and distribute Private Markets data using the latest t…",66110.0,66110.0,1,5328199372,2025-07-30T12:30:57Z,"Product Manager, Associate (Data Platform)",51.503378,-0.139134,IT Jobs,it-jobs,BlackRock,"['UK', 'London']","London, UK",full_time,
https://www.adzuna.co.uk/jobs/details/5671326755?utm_medium=api&utm_source=ce5ae1a3,"We are recruiting for SIA licensed Door Supervisors to secure our gambling venues within West London, Shepherds bush. 4on 4off Shift pattern Hours - 6pm - 5am Self employed positions available Equality and Diversity is an important part of Carter Security. We actively employ and encourage applications from all backgrounds, irrespective of their gender, race, ethnic origin, disability, age, nationality, national origin, sexuality, religion, marital status and social class. We oppose all forms of…",30908.0,30908.0,0,5671326755,2026-03-18T22:45:40Z,SIA Door Supervisor,51.511529,-0.23839,IT Jobs,it-jobs,CSS Security,"['UK', 'London', 'West London']","West London, London",,
https://www.adzuna.co.uk/jobs/details/5657685571?utm_medium=api&utm_source=ce5ae1a3,"Who are we? At Bright, we've engineered cutting-edge software for accounting, payroll, tax, and practice management. We've assembled a team of top talent and stand ready to lead the industry with our superior software solutions and unparalleled customer support. We're brilliant people creating brilliant software! Join us in our mission to create brilliant software that empowers businesses to reach new heights. Our Products: Our award-winning software helps small businesses and accountants acros…",73411.54,73411.54,1,5657685571,2026-03-07T16:12:10Z,Senior Software Engineer - AI Team,54.560873,-5.91118,IT Jobs,it-jobs,Bright,"['UK', 'Northern Ireland', 'Belfast', 'Newtownbreda']","Newtownbreda, Belfast",full_time,
https://www.adzuna.co.uk/jobs/land/ad/5628039317?se=MoRAErNB8RG559CN95vx2w&utm_medium=api&utm_source=ce5ae1a3&v=7BC9BC1BD3623C9064E98AE69D6000361AC5AA0F,"Please register your interest in joining Birchman now or in the future on a permanent or contract basis; and include your preference in the cover letter section. Birchman is a leading Management and IT Consulting Firm based in the UK. Our Management Consulting practice focuses on Digital & Business Transformation, Programme & Project Management, IT Strategy & Roadmap; and Business Change. Our IT Consulting practice focuses on SAP. Birchman is the leading independent SAP Partner in the UK. SAP P…",68280.67,68280.67,1,5628039317,2026-02-13T17:21:53Z,Speculative applications,51.455002,-0.969088,IT Jobs,it-jobs,Birchman Solutions Limited,"['UK', 'South East England', 'Berkshire', 'Reading']","Reading, Berkshire",full_time,contract
https://www.adzuna.co.uk/jobs/land/ad/5710238146?se=MoRAErNB8RG559CN95vx2w&utm_medium=api&utm_source=ce5ae1a3&v=413652034EC0F6CFF9F0FEE313CBA3137BF78EC3,"Quantitative Researcher £120,000 GBP Sign on EOY Bonus Onsite WORKING Location: Central London, Greater London - United Kingdom Type: Permanent About the Company: Our client is seeking a talented Quantitative Researcher to join their team and contribute to the development of cutting-edge trading strategies within their automated trading framework. Key Responsibilities: Research and implement algorithmic trading strategies. Analyze large data sets using advanced statistical and quantitative tech…",86619.3,86619.3,1,5710238146,2026-04-25T11:03:46Z,Quantitative Researcher,51.520099,-0.09111,IT Jobs,it-jobs,Anson Mccade,"['UK', 'London', 'Central London', 'Barbican']","Barbican, Central London",,permanent
https://www.adzuna.co.uk/jobs/land/ad/5699816091?se=4JCFErNB8RG60p_fUSdYlA&utm_medium=api&utm_source=ce5ae1a3&v=1FF843079FD662EEF922BA46C2B3B44FC6D04B9D,"Technical Business Analyst - Financial Technology About the Role Our client is seeking a talented Technical Business Analyst with strong technical skills to join their dynamic team. You'll be working on cutting-edge trading, risk management, and operations solutions that serve top-tier investment banks, hedge funds, and asset management firms. This is an exciting opportunity to work at the intersection of finance and technology, extending their market-leading platform to cover new business case…",51936.13,51936.13,1,5699816091,2026-04-15T06:49:26Z,Technical Business Analyst,,,IT Jobs,it-jobs,Durlston Partners,"['UK', 'London', 'Central London', 'The City']","The City, Central London",,
https://www.adzuna.co.uk/jobs/land/ad/5680316503?se=4JCFErNB8RG60p_fUSdYlA&utm_medium=api&utm_source=ce5ae1a3&v=09C6D088AB182A3DA1AFB86ADBD50331290B62F1,"Head of Outsourced Services Exeter, Brinkworth or Abercynon (Hybrid) £55,000 £60,000  benefits We are working with a growing, private equity-backed technology business that delivers specialist data and processing solutions within a regulated environment. They are now seeking an experienced Head of Outsourced Services to lead and evolve a high-performing, multi-site operation. This is a fantastic opportunity to take ownership of a well-established outsourced services function of around 50 employ…",60000.0,60000.0,0,5680316503,2026-03-27T11:50:49Z,Head of Outsourced Services,51.461102,-2.1195,IT Jobs,it-jobs,Alexander Mae  Ltd,"['UK', 'South West England', 'Wiltshire', 'Chippenham']","Chippenham, Wiltshire",,permanent
https://www.adzuna.co.uk/jobs/details/5210490590?utm_medium=api&utm_source=ce5ae1a3,"Welcome to the relentless pursuit of better. Inviting applications for the role of Consultant - Oracle SCM In this role, you will do Implementation of Planning Central, Demand Management, Sales and Operation Planning in Oracle Finance modules. Responsibilities Drive requirement gathering, Fit-Gap, Solution Design, Build, CRP, SIT, UAT, Cutover/Go-Live and post production support for above applications. Perform configuration/Application setup. Perform Oracle Inventory, BoM & Pricing setups . Ana…",44418.07,44418.07,1,5210490590,2025-05-22T08:55:35Z,Consultant _ SCM Functional-ITO073122,,,IT Jobs,it-jobs,genpact,['UK'],UK,full_time,
https://www.adzuna.co.uk/jobs/details/5701541088?utm_medium=api&utm_source=ce5ae1a3,"Site Reliability Engineer (Security Cleared) Salary to £60k  Company Options Scheme Preference for hybrid working between your home, their offices (London Vauxhall) & client sites however fully remote working may be considered for the ideal candidate. NB: Please only apply if you already have UK Security Clearance (SC). Overview This company is a Workflow & AI Orchestration Specialist. They're on a mission to modernise how public sector organisations manage casework, derive insight from data an…",65000.0,65000.0,0,5701541088,2026-04-16T17:45:51Z,Site Reliability Engineer (Security Cleared),51.451818,-0.02806,IT Jobs,it-jobs,Profile 29,"['UK', 'London', 'South East London']","South East London, London",,permanent
https://www.adzuna.co.uk/jobs/land/ad/5015679365?se=4JCFErNB8RG60p_fUSdYlA&utm_medium=api&utm_source=ce5ae1a3&v=E558D2C0814D00399389676B14E61C76D71DE02B,"Software Modelling - Level 6 Higher Degree Apprenticeship MBDA is a leading defence organisation that is proud to support our Armed Forces in protecting our nations. We collaborate with governments to achieve a shared goal of defending our freedom. Salary : £18,000 plus a £3,000 joining bonus Closing date for this role is midnight on Monday 22nd January What we can offer you: Fully funded qualification starting in September 2024 Fantastic site facilities, including subsidised meals and free car…",46266.0,46266.0,1,5015679365,2025-01-18T12:33:22Z,Software Modelling - Level 6 Higher Degree Apprenticeship,51.899799,-0.202583,IT Jobs,it-jobs,MBDA,"['UK', 'Eastern England', 'Hertfordshire', 'Stevenage']","Stevenage, Hertfordshire",full_time,
https://www.adzuna.co.uk/jobs/land/ad/5711002996?se=4JCFErNB8RG60p_fUSdYlA&utm_medium=api&utm_source=ce5ae1a3&v=452BE0EAAD8D16DA4ECF9A4DBF4DFB8B8D431F9D,"Security Testing Practice Lead | £80-85k | London (Hybrid) We're working with a growing cyber security consultancy looking to hire a Security Testing Practice Lead to take ownership of their security testing function. This is a hands-on leadership role, combining technical delivery with practice growth, team development, and client engagement - ideal for someone who wants to step into (or is already operating at) a leadership level while still staying close to the tech. Salary: £80-85,000 Locat…",85000.0,85000.0,0,5711002996,2026-04-26T10:44:18Z,Security Test Lead,51.451818,-0.02806,IT Jobs,it-jobs,Oscar Associates  Limited,"['UK', 'London', 'South East London']","South East London, London",,permanent
https://www.adzuna.co.uk/jobs/land/ad/5705344984?se=4JCFErNB8RG60p_fUSdYlA&utm_medium=api&utm_source=ce5ae1a3&v=976902D38FD5985E306203D6A44EB4D9472F4781,"1st / 2nd Line Support Engineer - Hybrid (4 days office / 1 day remote) Hattersley, Monday to Friday £30-33k We're looking for a 1st / 2nd Line Support Engineer to join a well-established IT function supporting a large, multi-site organisation with around 1,600 users. Based at head office, this is a hands-on role where you'll be central to keeping day-to-day operations running smoothly, providing responsive support across a broad user base. This 1st / 2nd Line Support Engineer role suits someon…",30000.0,34000.0,0,5705344984,2026-04-20T19:01:12Z,First Line support engineer,,,IT Jobs,it-jobs,Vantage Recruitment,['UK'],UK,full_time,
https://www.adzuna.co.uk/jobs/details/5710436683?utm_medium=api&utm_source=ce5ae1a3,"SRT Marine Systems plc ( SRT ) is a market leader in the domain of international marine surveillance technology and systems. We are a respected, established, and an ambitious multi-national company headquartered in the UK with a global customer base. The company has a worldwide impact in the marine sector by leading the next generation of maritime domain awareness technologies “MDA”, products, and systems that significantly enhance security, safety, environmental protection, and sustainability.…",51329.34,51329.34,1,5710436683,2026-04-25T19:23:18Z,System Architect – Surveillance Systems,52.445923,-1.889287,IT Jobs,it-jobs,SRT Marine Systems plc,"['UK', 'West Midlands', 'Birmingham', 'Moseley']","Moseley, Birmingham",full_time,
https://www.adzuna.co.uk/jobs/land/ad/5656367704?se=4JCFErNB8RG60p_fUSdYlA&utm_medium=api&utm_source=ce5ae1a3&v=D31E626CF70634ED352B08B7FEF91D61AEDD47E1,"MWH Treatment are looking to strengthen our IT Team with an Desktop Support Engineer based at Hattersley with hybrid working available. At MWH Treatment we believe that people matter. We know that to build successful, creative teams we need a diverse workforce that can deliver new innovative ways of thinking. We provide an environment where you will have the freedom to develop and grow to your full potential. You will report directly to the Head of IT and your role will cover supporting end use…",28977.91,28977.91,1,5656367704,2026-03-06T16:04:34Z,Desktop Support Engineer,53.443525,-2.031758,IT Jobs,it-jobs,MWH Treatment,"['UK', 'North West England', 'Greater Manchester', 'Hyde', 'Broadbottom']","Broadbottom, Hyde",full_time,
https://www.adzuna.co.uk/jobs/details/5710795608?utm_medium=api&utm_source=ce5ae1a3,"Salary: £15,000 - 15,000 per year Requirements:  Extensive experience in Java technologies, including Java 1.6 and Java 1.8. In-depth knowledge of REST APIs, Spring 3, and Oracle PL/SQL. Good knowledge of React or other JavaScript frameworks. Familiarity with microservices, deployment tooling (e.g., Maven), and containerization technologies (e.g., Kubernetes or Docker). Experience in Scrum-based methodologies, including Sprint planning and rituals. Proficient in Unit Testing with JUnit and Mock…",15000.0,15000.0,0,5710795608,2026-04-26T04:29:31Z,Senior Full Stack Developer,52.484226,-1.906405,IT Jobs,it-jobs,TXP,"['UK', 'West Midlands', 'Birmingham', 'Hockley']","Hockley, Birmingham",full_time,
https://www.adzuna.co.uk/jobs/details/5665220170?utm_medium=api&utm_source=ce5ae1a3,"Associate Technical Support Engineer The Associate Technical Support Engineer ensures Park Place Technologies derives maximum benefit from the sale of its products by providing customers with high quality Technical Support. Responsibilities: Advise customers how to configure and use Park Place Technologies’ software products to satisfy their operational needs. Trouble-shoot and identify the cause of customer software product problems. Resolve customer problems, ensuring workarounds and software…",49102.13,49102.13,1,5665220170,2026-03-14T10:15:50Z,Associate Technical Support Engineer,51.500661,0.006702,IT Jobs,it-jobs,London North Greenwich Office,"['UK', 'London', 'East London', 'Leamouth']","Leamouth, East London",full_time,
https://www.adzuna.co.uk/jobs/land/ad/5683625825?se=Xlq2ErNB8RG60p_fUSdYlA&utm_medium=api&utm_source=ce5ae1a3&v=FF1EB901F7182050CC46D30C7616AF9F44D43D55,Trainee Network Engineer - No Experience Required Are you looking to kick-start a new career in IT? We are recruiting for companies who are looking to employ our Network Engineer Traineeship graduates to keep up with their growth. The best part is you will not need any previous experience as full training will be provided. You will also have the reassurance of a job guarantee (£24K-£45K) upon completion. We are currently placing over 100 of our graduates into new roles each month. Whether you a…,24000.0,45000.0,0,5683625825,2026-03-30T23:30:24Z,Trainee Network Engineer,,,IT Jobs,it-jobs,IT Career Switch,"['UK', 'South West England', 'Plymouth']","Plymouth, South West England",full_time,permanent
https://www.adzuna.co.uk/jobs/land/ad/5702475113?se=Xlq2ErNB8RG60p_fUSdYlA&utm_medium=api&utm_source=ce5ae1a3&v=FC680E9768DED0FF1C9ED3E6B7ADA4762C74FAB2,"Data Analyst Course Programme – Job Guarantee Included Complete online training designed to take you from zero experience to your first data analyst role. Study part-time, build fundamental skills, and get dedicated job placement support until you're hired. Flexible financing options available, with payment plans starting from as low as £142 per month. The Programme Complete this 10-week online training with just 10-15 hours per week of study time. You'll learn industry-standard tools, includin…",38784.42,38784.42,1,5702475113,2026-04-17T12:13:56Z,Data Analysis Career Pathway (Hammersmith and Fulham),51.491513,-0.234123,IT Jobs,it-jobs,ITonlinelearning Recruitment,"['UK', 'London', 'West London', 'Hammersmith']","Hammersmith, West London",part_time,
https://www.adzuna.co.uk/jobs/land/ad/5703708806?se=Xlq2ErNB8RG60p_fUSdYlA&utm_medium=api&utm_source=ce5ae1a3&v=6621360273B8C1A482FA3022FA5DDE195B708135,Job Title: AI Engineer (contract) Location: London Hybrid. Travel to the London office 2 days a week Duration: 6 months Contract Start Date: March 2026 Rate: Competitive(inside IR35) Deloitte Working with the Deloitte Associate (Contractor) Programme means we can offer you the opportunity to work on a variation of industry and client related projects. Our aim is to retain the best talent and so when your project end date nears our team of Talent Community Advisors will be working with you to lo…,79192.77,79192.77,1,5703708806,2026-04-18T16:16:45Z,Artificial Intelligence Engineer,51.503378,-0.139134,IT Jobs,it-jobs,Deloitte,"['UK', 'London']","London, UK",,contract
https://www.adzuna.co.uk/jobs/details/5699185888?utm_medium=api&utm_source=ce5ae1a3,"IT SAP PM Consultant Business: Pilgrim&rsquo;s EuropeDepartment: ITLocation: Rushmere We&rsquo;re looking for an experienced SAP Plant Maintenance (PM) Consultant to lead the design and rollout of a modern, S/4HANA-based Enterprise Asset Management (EAM) solution across Pilgrim&rsquo;s Europe. This is a key transformation role, moving from legacy ECC designs to a user-centric, Fiori-enabled, mobile-ready SAP PM solution as part of our SAP S/4HANA Private Cloud programme. What You&rsquo;ll Do Ac…",87261.96,87261.96,1,5699185888,2026-04-14T21:11:10Z,SAP Plant Maintenance Consultant,54.4494,-6.389921,IT Jobs,it-jobs,Pilgrim's Europe,"['UK', 'Northern Ireland', 'Craigavon', 'Drumgor']","Drumgor, Craigavon",,
https://www.adzuna.co.uk/jobs/details/5691770885?utm_medium=api&utm_source=ce5ae1a3,"Reboot Monkey is a global leader in IT solutions, specializing in data center management that simplifies your IT operations. We provide hosting space, future-proof upgrades, and 24/7 support through our smart or remote hands, ensuring seamless, secure, and sustainable service. Our fully remote, round-the-clock management frees businesses from supervision hassles, setting new benchmarks in data center solutions. We’re seeking skilled Freelance Data Center Technicians to join our growing team. If…",39461.59,39461.59,1,5691770885,2026-04-07T05:58:22Z,Data Center Technician - UK -York- On-site,53.957699,-1.08229,IT Jobs,it-jobs,RM Staffing B.V.,"['UK', 'Yorkshire And The Humber', 'North Yorkshire', 'York']","York, North Yorkshire",full_time,permanent
https://www.adzuna.co.uk/jobs/details/5683182111?utm_medium=api&utm_source=ce5ae1a3,"We're looking for a Project Implementation Manager to lead the roll-out of supply chain solutions directly on customer sites across the UK. You'll be responsible for turning operational challenges into practical, high-impact implementations. This is a hands-on, customer-facing role where you'll scope, design and deliver solutions that improve efficiency, reduce downtime and create measurable value for customer. BASIC SALARY: £45,000 BENEFITS: · Bonus · 25 Days Holiday · Group Benefits LOCATION:…",40000.0,45000.0,0,5683182111,2026-03-30T15:17:01Z,Project Implementation Manager,52.955101,-1.14917,IT Jobs,it-jobs,Wallace Hind Selection,"['UK', 'East Midlands', 'Nottinghamshire', 'Nottingham']","Nottingham, Nottinghamshire",full_time,permanent
https://www.adzuna.co.uk/jobs/details/5481908681?utm_medium=api&utm_source=ce5ae1a3,"In-Ground Rugby League Correspondent - Leigh, England You are a sports enthusiast and eager to work in the sports business? You are passionate about Rugby League and have an eye for detail? You’ve come to the right place! Experience the thrill of collecting data in real time and shape the future of sport with us! WHAT'S THIS ROLE ABOUT? You will collect and deliver performance Rugby League data collection in real time for one of the world's leading sport's data and technology companies. Here's …",30032.62,30032.62,1,5481908681,2025-11-05T12:00:46Z,"In-Ground Rugby League Correspondent - Leigh, England",,,IT Jobs,it-jobs,statsperformacademy,['UK'],UK,,
https://www.adzuna.co.uk/jobs/land/ad/5701351295?se=Xlq2ErNB8RG60p_fUSdYlA&utm_medium=api&utm_source=ce5ae1a3&v=B45ABA240B2E3F13515B220E05194EAEC80E9C0A,"AV Engineer We are seeking an experienced AV Engineer to join our team, focusing on the design, delivery, and support of technical systems and infrastructure within a media technology environment. The ideal candidate will have extensive experience with Poly Studio X, Neat codecs, and Logitech systems, and a strong understanding of networking protocols for connected AV equipment. Required Skills & Qualifications: Proven experience in assisting with the design, delivery, or support of technical s…",78000.0,91000.0,0,5701351295,2026-04-16T12:28:25Z,Audio Visual Engineer,52.483002,-1.89359,IT Jobs,it-jobs,Reed,"['UK', 'West Midlands', 'Birmingham']","Birmingham, West Midlands",,contract
https://www.adzuna.co.uk/jobs/details/5659407349?utm_medium=api&utm_source=ce5ae1a3,"We are seeking an energetic and motivated individual to join our Europe Team as an Implementation Representative . In this role, you will be responsible for customer onboarding operations and new user training for OpenApply. This is a graduate-level position designed for individuals looking to start their careers in a dynamic Software-as-a-Service (SaaS) environment, with full training provided. The ImplementationRepresentative’s primary responsibility is to serve as the initial point of contac…",41453.12,41453.12,1,5659407349,2026-03-09T13:16:22Z,"Implementation Representative, OpenApply",52.781731,-1.213135,IT Jobs,it-jobs,Faria Education Group,"['UK', 'East Midlands', 'Leicestershire', 'Loughborough', 'Stanford On Soar']","Stanford On Soar, Loughborough",full_time,
https://www.adzuna.co.uk/jobs/details/5634732845?utm_medium=api&utm_source=ce5ae1a3,"About Searchable We're building the future of AI search visibility. As ChatGPT, Claude, and Perplexity reshape how people find information, we help brands understand and optimize their presence in this new landscape. Backed by top angels and VCs, we're creating the essential platform for the AI search era. Our core values: 1. Move Fast We make decisions quickly and get things done. Progress matters more than perfection. 2. Find Your Lever, Then Move the World Everyone here finds the work that m…",60179.49,60179.49,1,5634732845,2026-02-18T17:33:57Z,Operations Lead,51.503378,-0.139134,IT Jobs,it-jobs,Searchable,"['UK', 'London']","London, UK",full_time,
https://www.adzuna.co.uk/jobs/details/5707223187?utm_medium=api&utm_source=ce5ae1a3,"Test Engineer – SC cleared Permanent | Hybrid | AWS | Terraform | SC Cleared We are seeking an SC cleared Test Engineer will support a large public sector organisation in the delivery and operation of a secure, analytics platform. The platform brings together human interaction, claim processing and support events across multiple channels, including telephony, face to face and digital services. Data is extracted from multiple sources, transformed into a trusted format, and loaded into a central …",0.0,59000.0,0,5707223187,2026-04-22T15:16:32Z,Test Engineer (SFIA 4) SC / Newcastle 0023,,,IT Jobs,it-jobs,Peregrine,"['UK', 'North East England', 'Tyne & Wear', 'Newcastle Upon Tyne']","Newcastle Upon Tyne, Tyne & Wear",full_time,permanent
https://www.adzuna.co.uk/jobs/land/ad/5614435284?se=XlLmErNB8RGtTOojiaELgw&utm_medium=api&utm_source=ce5ae1a3&v=B6CBB0A7522997A77F8ABED476652566FDBFAB2E,"At TÜV SÜD we are passionate about technology. Innovations impact our daily lives in countless ways, and we are dedicated to being a part of that progress. We test, we audit, we inspect, we advise. We never stop challenging ourselves for the safety of society and its people. We breathe technology, we strive for professional excellence, and we leave a mark. We take the future into our hands. We are TÜV SÜD. Please note the working pattern for this role is onsite at our Fareham office, full time …",47177.89,47177.89,1,5614435284,2026-02-04T19:59:03Z,Software Engineer,50.834367,-1.201168,IT Jobs,it-jobs,TUV SUD Limited,"['UK', 'South East England', 'Hampshire', 'Fareham', 'Stubbington']","Stubbington, Fareham",full_time,permanent
https://www.adzuna.co.uk/jobs/land/ad/5634655548?se=XlLmErNB8RGtTOojiaELgw&utm_medium=api&utm_source=ce5ae1a3&v=3747179685BBD14A3A6868D115022285BEF0E11A,"The Group Investment Management (GIM) Team is hiring for a Senior Manager - Data Scientist to work in the Tooling and Data Team. Your ability to interpret and use data science and analytics to deliver your work and support the team is essential. You will be able to use pro-actively measure and predict programme execution risk, using machine learning and AI to develop early warning risk indicators helping steer senior leadership attention to the parts of the portfolio where delivery of planned b…",59483.94,59483.94,1,5634655548,2026-02-18T16:09:26Z,Senior Data Scientist - London Stock Exchange Group,51.503378,-0.139134,IT Jobs,it-jobs,London Stock Exchange Group,"['UK', 'London']","London, UK",full_time,
https://www.adzuna.co.uk/jobs/details/1300283848?utm_medium=api&utm_source=ce5ae1a3,"Search Engine Evaluators conduct research, evaluation and feedback on search engine results by, but not limited to, measuring the relevance and usefulness of web pages in correlation to predefined queries, by providing comparative analysis of sets of search engine results and various other techniques. Appen is looking for highly educated individuals for an exciting work from home, independent contractor opportunity. Applicants must be self motivated and internet savvy. This is an opportunity to…",28000.0,28000.0,0,1300283848,2019-10-16T11:16:35Z,Work from Home (Researcher),52.988201,-2.12888,IT Jobs,it-jobs,Appen,"['UK', 'West Midlands', 'Staffordshire', 'Stoke-On-Trent', 'Longton']","Longton, Stoke-On-Trent",,
https://www.adzuna.co.uk/jobs/details/5689922498?utm_medium=api&utm_source=ce5ae1a3,"Join an award-winning digital commerce agency as Senior Account Manager. Choice of UK-based remote working, or hybrid from our Bristol office. Enjoy personal development budget, company bonus, enhanced mat/pat leave, progressive culture, and clear advancement opportunities. This is a perfect opportunity for someone with experience of commercially and strategically driving enterprise-level client relationships forward. Before you read on, please note this is a full-time, permanent position and a…",52744.75,52744.75,1,5689922498,2026-04-04T16:45:13Z,Senior Account Manager,,,IT Jobs,it-jobs,The Pixel,['UK'],UK,full_time,permanent
https://www.adzuna.co.uk/jobs/details/5462377020?utm_medium=api&utm_source=ce5ae1a3,"Location: Portsmouth, Hampshire Start Date: January 2026 or earlier Nature: Part-Time/Full-Time, Permanent About the Role Our client is seeking a knowledgeable IT Technician to join a prestigious mixed school based in central Portsmouth. This is a full-time, permanent position, beginning in January 2026. The successful candidate will play a key role in supporting the school’s IT infrastructure, maintaining hardware and software systems, and assisting staff and students with technical issues. Yo…",38350.71,38350.71,1,5462377020,2025-10-24T11:29:06Z,IT Technician - Outstanding School in Portsmouth!,50.832563,-1.060919,IT Jobs,it-jobs,Marchant Recruitment,"['UK', 'South East England', 'Hampshire', 'Portsmouth', 'Hilsea']","Hilsea, Portsmouth",part_time,permanent
https://www.adzuna.co.uk/jobs/land/ad/5683623984?se=XlLmErNB8RGtTOojiaELgw&utm_medium=api&utm_source=ce5ae1a3&v=DD8C4800808D2F967DCA5345519B2C6C55F4B745,"Trainee Data Scientist - No Experience Required Are you looking to kick-start a new career as a Data Scientist?We are recruiting for companies who are looking to employ our Data Science Traineeship graduates to keep up with their growth. The best part is you will not need any previous experience as full training will be provided. You will also have the reassurance of a job guarantee (£25K-£45K) within 20 miles of your location upon completion. Whether you are working full time, part-time or une…",25000.0,45000.0,0,5683623984,2026-03-30T23:28:22Z,Data Science Trainee,53.750099,-2.48471,IT Jobs,it-jobs,IT Career Switch,"['UK', 'North West England', 'Lancashire', 'Blackburn']","Blackburn, Lancashire",full_time,permanent
https://www.adzuna.co.uk/jobs/details/5675144790?utm_medium=api&utm_source=ce5ae1a3,"Are you an Infrastructure Engineer ready for your next challenge? Join our team at Sunbelt Rentals UK, where our mission is to deliver a world-class experience and our vision is to own the future of rentals. In this role, you'll provide technical support across a range of internal systems, working to agreed quality standards and SLAs. The role is based on a Hybrid pattern with a minimum of one day per week in the office. Core Duties Install, configure, and support servers and management platfor…",38791.38,38791.38,1,5675144790,2026-03-22T10:22:19Z,IT Infrastructure Engineer,53.429291,-2.526401,IT Jobs,it-jobs,Sunbelt Rentals Careers,"['UK', 'North West England', 'Cheshire', 'Warrington', 'Risley']","Risley, Warrington",full_time,
https://www.adzuna.co.uk/jobs/land/ad/5656493873?se=XlLmErNB8RGtTOojiaELgw&utm_medium=api&utm_source=ce5ae1a3&v=6BFBBD8AB5ECDACE3A421C75000189A69B551301,"There is a broad international client base , and whilst this is not a sales role , a client centric and commercial approach will be highly beneficial Key Responsibilities Undertaking compliance reviews Regulatory consulting services to a varied client base Managing client relationships Experience Minimum of five years related experience SEC experience is imperative Excellent knowledge of FSMA , MiFiDII and AIFMD",56630.53,56630.53,1,5656493873,2026-03-06T19:05:09Z,Compliance Consultancy - Buy-Side - eFinancialCareers,51.503378,-0.139134,IT Jobs,it-jobs,eFinancialCareers,"['UK', 'London']","London, UK",full_time,
https://www.adzuna.co.uk/jobs/details/5671803237?utm_medium=api&utm_source=ce5ae1a3,"At Aptem we’re passionate about creating solutions that enable our customers to deliver world-class training offerings that support their learners in developing in their chosen careers. Demand for our end-to-end SaaS solutions are ever-increasing and we are continuing to expand rapidly as a business. If you’re interested in joining a talented, committed and driven team that is leading the charge in this fast-growing space, then you should apply! We are looking for someone with an in-depth under…",40000.0,45000.0,0,5671803237,2026-03-19T10:18:19Z,Implementation Consultant,,,IT Jobs,it-jobs,Aptem,['UK'],UK,full_time,
https://www.adzuna.co.uk/jobs/details/5706161663?utm_medium=api&utm_source=ce5ae1a3,"We’re looking for a Senior Analyst (Public Service Innovation) to turn data into meaningful change across the West Midlands. This is a high-impact role at the heart of inclusive growth, shaping insight across homelessness, and Employment, Skills, Health and Communities. You’ll combine strong analytical expertise with outstanding communication skills, translating complex data into clear, compelling insight for senior leaders. Working in a matrix environment, you’ll build trusted relationships ac…",40539.0,45342.0,0,5706161663,2026-04-21T13:14:58Z,Senior Analyst (Inclusive Communities),52.487214,-1.899757,IT Jobs,it-jobs,West Midlands Combined Authority,"['UK', 'West Midlands', 'Birmingham', 'Lozells']","Lozells, Birmingham",full_time,permanent
https://www.adzuna.co.uk/jobs/land/ad/5708331749?se=PGodE7NB8RG559CN95vx2w&utm_medium=api&utm_source=ce5ae1a3&v=E6D47FDC94B859E4CAA62F704E62405BECDB5673,"Senior Software Engineer | Remote | £60,000 - £70,000 | C# | .Net | React | Azure | Microservices | .NetCore | .Net Developer | Full stack Developer | Opus have exclusively partnered with a brilliant Saas company that harness technology to build Software within the Proptech industry. They’re currently looking for a Senior Developer to come on board and work across greenfield projects and adding new functionality to existing systems. As a Senior Developer you will be part of a Development team o…",67078.12,67078.12,1,5708331749,2026-04-23T13:51:23Z,"Senior Software Engineer | Remote | £60,000 - £70,000 |",53.799599,-1.54912,IT Jobs,it-jobs,Opus Recruitment Solutions,"['UK', 'Yorkshire And The Humber', 'West Yorkshire', 'Leeds']","Leeds, West Yorkshire",,
https://www.adzuna.co.uk/jobs/land/ad/5654980906?se=PGodE7NB8RG559CN95vx2w&utm_medium=api&utm_source=ce5ae1a3&v=5773AFEE70DE4C4573B3D5F2054A4CE0CFB65AFE,"For more than 40 years Verifone has established a remarkable record of leadership in the electronic payment technology industry. Verifone has one of the leading electronic payment solutions brands and is one of the largest providers of electronic payment systems worldwide. Verifone has a diverse, dynamic and fast paced work environment in which employees are focused on results and have opportunities to excel. We take pride in the fact that we work with leading retailers, merchants, banks, and t…",62338.87,62338.87,1,5654980906,2026-03-05T13:46:01Z,Senior Software Developer,51.503378,-0.139134,IT Jobs,it-jobs,Verifone,"['UK', 'London']","London, UK",full_time,
https://www.adzuna.co.uk/jobs/land/ad/5708392694?se=PGodE7NB8RG559CN95vx2w&utm_medium=api&utm_source=ce5ae1a3&v=2006E0F502C8137F49C19C82343FDCBEDA629C94,Role: PMO Specialist Location: London or Bristol (Hybrid 3 days per week on-site) Duration: 6 Months Day rate: £420 Inside Ir35 Description: Being involved in any portfolio is special however working on a portfolio delivering within one of the largest Capital Expenditure portfolios in the county has something a little bit extra. This role will be critical to the success of key Strategic Portfolios by bringing structure to a complex set of work across the business. The Networks PMO is a delivery…,109200.0,109200.0,0,5708392694,2026-04-23T17:19:15Z,PMO Specialist,51.523772,-0.103815,IT Jobs,it-jobs,Experis,"['UK', 'London', 'Central London', 'Farringdon']","Farringdon, Central London",,contract
https://www.adzuna.co.uk/jobs/details/5571222948?utm_medium=api&utm_source=ce5ae1a3,"We're looking for a dynamic individual to support the design and implementation of our Order to Cash function within D365 for Europe and some Asia countries. In this pivotal role, you'll co-lead fit-gap analysis workshops with an Implementation Specialist, translate business needs into smart ERP documentation and solutions, and lead process standardization and optimization across the organization. If you thrive on collaboration, have deep process expertise, and are ready to shape best practices…",45489.94,45489.94,1,5571222948,2026-01-07T09:58:34Z,D365 ERP Business Process Lead (Order to Cash),52.037806,-0.769253,IT Jobs,it-jobs,WD-40 Company,"['UK', 'South East England', 'Buckinghamshire', 'Milton Keynes', 'Bradwell Common']","Bradwell Common, Milton Keynes",full_time,
https://www.adzuna.co.uk/jobs/details/5671678604?utm_medium=api&utm_source=ce5ae1a3,"15 Month Contract – Inside IR35 Job Role: This role has come about due to an increased workload in footprint planning to support the 3 UAPs and Facilities Department in developing current site layouts and project layout proposals. Key Responsibilities: Design, build, coordinate, and maintain site footprint plans in AutoCAD to improve maturity of site change management Ensure site footprints are updated on master documents Contribute to projects aimed at giving better visibility of site space an…",52352.41,52352.41,1,5671678604,2026-03-19T06:34:04Z,AutoCAD Facilities Designer,53.7869,-2.24532,IT Jobs,it-jobs,Morson Edge,"['UK', 'North West England', 'Lancashire', 'Burnley']","Burnley, Lancashire",,contract
https://www.adzuna.co.uk/jobs/land/ad/5683627196?se=PGodE7NB8RG559CN95vx2w&utm_medium=api&utm_source=ce5ae1a3&v=2772EC9CDE45E3B07F95C14712C2CB95E38DDB82,"Trainee Data Scientist - No Experience Required Are you looking to kick-start a new career as a Data Scientist?We are recruiting for companies who are looking to employ our Data Science Traineeship graduates to keep up with their growth. The best part is you will not need any previous experience as full training will be provided. You will also have the reassurance of a job guarantee (£25K-£45K) within 20 miles of your location upon completion. Whether you are working full time, part-time or une…",25000.0,45000.0,0,5683627196,2026-03-30T23:31:19Z,Data Science Trainee,,,IT Jobs,it-jobs,IT Career Switch,"['UK', 'London', 'South East London', 'Bromley']","Bromley, South East London",full_time,permanent
https://www.adzuna.co.uk/jobs/land/ad/5694466245?se=PGodE7NB8RG559CN95vx2w&utm_medium=api&utm_source=ce5ae1a3&v=61228039FD6E20F7668D5762C25B74FA7DAD1C20,"Launch Your Network Engineer Career – Job Guaranteed! With Newto Training’s Network Engineer Career Programme, you’ll gain 4 top certifications (Azure Fundamentals, CompTIA Network, uCisco CCNA, Forescout FSCA) plus real-world project work that doubles as hands-on experience. 100 hours of live training Practical skills in troubleshooting, networking (Cisco), Azure cloud, Splunk SIEM & Tenable vulnerability management Job guarantee with our hiring partners Get certified, get experience, get hire…",25000.0,78000.0,0,5694466245,2026-04-09T13:59:37Z,Network Admin - job guarantee,52.64088,-1.083426,IT Jobs,it-jobs,Newto Training,"['UK', 'East Midlands', 'Leicestershire']","Leicestershire, East Midlands",full_time,permanent
https://www.adzuna.co.uk/jobs/details/5707019042?utm_medium=api&utm_source=ce5ae1a3,"Project Coordinator with EA Duties Leading Global Consultancy – Central London Salary: £55-57,000  Benefits  Bonus Hybrid Working: 3 Days per Week in the Central London Office A leading global consultancy is seeking an experienced Project Coordinator with Executive Assistant duties to support a Senior Executive and work as part of a high-performing consulting team. Our client is a market-leading provider of leadership solutions, partnering with global organisations to prepare C-suite leaders fo…",47361.09,47361.09,1,5707019042,2026-04-22T10:31:51Z,Executive Assistant / Project Coordinator - Consultancy,,,IT Jobs,it-jobs,FY Recruitment,"['UK', 'London']","London, UK",,
https://www.adzuna.co.uk/jobs/land/ad/5698417575?se=-l9LE7NB8RG60p_fUSdYlA&utm_medium=api&utm_source=ce5ae1a3&v=6280F98271DE7D502A64EFDC0463E643B452B285,"I am actively representing a reputable service sector organisation, who are embarking on an exciting programme of work to enhance their D365 Business Central environment. The company is seeking to add to its established development team with a D365 Business Central/ NAV developer; helping to deliver a host of interesting, innovative projects involving Business Central and integrated 3rd party solutions. If you're seeking a fresh challenge to use existing D365 BC development skills within a like…",45000.0,50000.0,0,5698417575,2026-04-13T22:23:48Z,Developer (Dynamics 365 Business Central),51.781756,0.546014,IT Jobs,it-jobs,Nigel Frank International,"['UK', 'Eastern England', 'Essex']","Essex, Eastern England",full_time,permanent
https://www.adzuna.co.uk/jobs/details/5636025973?utm_medium=api&utm_source=ce5ae1a3,"We're not just closing the digital divide; we're reconnecting distributed organisations, enabling seamless communication, and re-engaging employees like never before. Blink, a mobile-first employee experience platform, puts everything employees need right in their hands. With teams in Boston, London, and Sydney, we're making waves worldwide, partnering with industry leaders like Domino’s, JD Sports and McDonald’s.  What will you be doing? As a Backend Engineer at Blink, you will work within a c…",52013.31,52013.31,1,5636025973,2026-02-19T12:33:13Z,Backend Engineer,51.503378,-0.139134,IT Jobs,it-jobs,Blink - The Employee App,"['UK', 'London']","London, UK",,
https://www.adzuna.co.uk/jobs/land/ad/5679239794?se=-l9LE7NB8RG60p_fUSdYlA&utm_medium=api&utm_source=ce5ae1a3&v=D400098AE09D14300C6C6E476293DA8F4DF428AF,"Business Application Manager Location: Henfield Salary: up to £65,000  Benefits Bennett & Game are proud to be representing a well-established and growing civil engineering and infrastructure contractor in their search for a Business Application Manager to join their IT team based near Henfield. This is a key strategic and operational role, responsible for overseeing the organisation's business application portfolio, ensuring systems are secure, optimised, and aligned with wider business object…",65000.0,65000.0,0,5679239794,2026-03-26T11:46:51Z,Business Application Manager,50.932499,-0.272182,IT Jobs,it-jobs,Bennett and Game Recruitment LTD,"['UK', 'South East England', 'West Sussex', 'Henfield']","Henfield, West Sussex",,permanent
https://www.adzuna.co.uk/jobs/land/ad/5687538746?se=-l9LE7NB8RG60p_fUSdYlA&utm_medium=api&utm_source=ce5ae1a3&v=24FD8450C1CD8C77F6371EC702C0D4A30A0B2B84,"Applied AI Engineer About the Company My client is a fast-growing B2B marketing technology company revolutionising how enterprise teams engage and convert key buyers. Their platform enables hyper-personalised, multi-channel campaigns at scale — empowering marketing and sales teams to identify high-intent accounts, generate tailored content, and execute strategic plays. They are building AI-first features to make this seamless and intelligent, from content generation to account strategy recommen…",55091.56,55091.56,1,5687538746,2026-04-02T14:56:15Z,Applied AI Engineer,,,IT Jobs,it-jobs,SR2 | Socially Responsible Recruitment | Certified B Corporation™,"['UK', 'London', 'Central London', 'The City']","The City, Central London",,
https://www.adzuna.co.uk/jobs/details/5295887693?utm_medium=api&utm_source=ce5ae1a3,"Delivery Manager Qualification B Sc, B Com, Relevant Diploma Degrees (CSC, Electronics), BE Responsibility Business / Customer Understand and articulate complex problems related to the specific technology. Provide business development support by assisting in RFP/ RFI response drafting, presentations, collateral creation and formulating recommendations Support presales and create marketing collateral such case studies and capability deck. Capture and present project’s capabilities to prospective…",35673.23,35673.23,1,5295887693,2025-07-10T16:00:37Z,Sr. Associate - Projects,,,IT Jobs,it-jobs,Cognizant,['UK'],UK,full_time,
https://www.adzuna.co.uk/jobs/details/5505457844?utm_medium=api&utm_source=ce5ae1a3,"We are currently recruiting a skilled and customer-focused IT Technician to join a modern, innovative academy in Bristol. This full-time, permanent role is ideal for someone with strong technical knowledge and a passion for supporting digital learning. About the School This Bristol academy is known for its forward-thinking approach, excellent facilities and commitment to digital technology. Staff and students rely heavily on the IT team, and the school fosters an environment where collaboration…",33488.16,33488.16,1,5505457844,2025-11-20T17:10:30Z,IT Technician – Modern and Innovative Academy in Bristol,51.464608,-2.562401,IT Jobs,it-jobs,Marchant Recruitment,"['UK', 'South West England', 'Bristol', 'Easton']","Easton, Bristol",full_time,permanent
https://www.adzuna.co.uk/jobs/land/ad/5698417195?se=-l9LE7NB8RG60p_fUSdYlA&utm_medium=api&utm_source=ce5ae1a3&v=F34403AEE670517BB7D61D623BB6EB234B641063,"Contract Data Lead - Oracle Fusion OUTSIDE IR35 Bedfordshire based office - 4 days onsite working We're looking for an experienced Data Lead to drive a critical Oracle Fusion ERP migration . This is a hands-on contract role where you'll take ownership of data strategy, cleansing, and readiness for a large-scale transformation. What you'll do: Lead end-to-end data workstream for an Oracle Fusion migration Cleanse, validate, and prepare large, complex datasets for migration Define data standards,…",78081.89,78081.89,1,5698417195,2026-04-13T22:22:17Z,Data Lead - Oracle Fusion,52.1357,-0.468044,IT Jobs,it-jobs,Gleeson Recruitment Group,"['UK', 'Eastern England', 'Bedfordshire', 'Bedford']","Bedford, Bedfordshire",,contract
https://www.adzuna.co.uk/jobs/details/5707233723?utm_medium=api&utm_source=ce5ae1a3,"PMO Lead 12 Months Fixed-Term Contract Starting Salary: £75,000 (Depending on skills and experience) Location: Norwich, Eastleigh and York Are you an experienced PMO professional who thrives in fast-paced, complex change environments? Do you love bringing structure, clarity, and rigour to large-scale programmes? This is a fantastic opportunity for someone ready to operate at the heart of Aviva's largest integration programme-perfect for a seasoned PMO expert who's confident working with senior …",68218.05,68218.05,1,5707233723,2026-04-22T15:42:35Z,PMO Lead,52.628101,1.29935,IT Jobs,it-jobs,Aviva,"['UK', 'Eastern England', 'Norfolk', 'Norwich']","Norwich, Norfolk",part_time,contract
https://www.adzuna.co.uk/jobs/details/5698319235?utm_medium=api&utm_source=ce5ae1a3,"Ready to lead the evolution of our technology landscape and drive innovative, scalable solutions across a fast-moving business? At Evri, our Architecture team is shaping the future of how our systems connect, scale and support millions of deliveries every day. We&rsquo;re continuing to invest in cloud, SaaS, integration and modern engineering, and we&rsquo;re building solutions that deliver real business value while enabling great experiences for our customers and colleagues. If you want to inf…",68500.0,68500.0,0,5698319235,2026-04-13T21:08:06Z,Solution Architect,,,IT Jobs,it-jobs,Evri,['UK'],UK,,
https://www.adzuna.co.uk/jobs/land/ad/5710751223?se=-l9LE7NB8RG60p_fUSdYlA&utm_medium=api&utm_source=ce5ae1a3&v=5C17EA2F361E3DA8482C7686AD94A3BF8B2CBA3C,"About The Role Right across infrastructure, theres a requirement to not only maintain, but also renew and reimagine. Whatever stage youre at in your career; with us youll have an opportunity to grow and develop. Delivering essential infrastructure services for life, while being safety first, and client and customer centric in afriendly, fun and respectful environment where you are encouraged to thrive. Where will you be working? At M Group Telecom, were enabling and enhancing telecom networks, …",38047.4,38047.4,1,5710751223,2026-04-26T03:01:28Z,Project Engineer,52.436771,-1.510225,IT Jobs,it-jobs,M Group,"['UK', 'West Midlands', 'Coventry', 'Ash Green']","Ash Green, Coventry",,permanent
https://www.adzuna.co.uk/jobs/details/5695503061?utm_medium=api&utm_source=ce5ae1a3,"Why Valtech? We’re the experience innovation company - a trusted partner to the world’s most recognised brands. To our people we offer growth opportunities, a values -driven culture, international careers and the chance to shape the future of experience. We are proud of: The work we do and the innovation we drive Our values of share, care a nd dare A workplace culture that fosters creativity, diversity and autonomy Our borderless, global framework, which enables seamless collaboration The role …",60397.23,60397.23,1,5695503061,2026-04-10T11:13:41Z,Client Partner - Public Sector,51.455299,-2.5919,IT Jobs,it-jobs,Valtech,"['UK', 'South West England', 'Bristol']","Bristol, South West England",,
https://www.adzuna.co.uk/jobs/land/ad/5673901747?se=DsuUE7NB8RG559CN95vx2w&utm_medium=api&utm_source=ce5ae1a3&v=8565C77170BDB11A3B83066151AF0708F46DF3F4,"My client, a highly prestigious hedge fund, is seeking a Data Engineer to join their Data Platform team in London. Embedded within a high-performing and collaborative data function, you will play a key role in designing, building and enhancing a best-in-class data platform that supports front-office decision making across multiple asset classes. Working closely with investment professionals, technology teams and data stakeholders, you will help drive data quality, accessibility and scalability …",57272.5,57272.5,1,5673901747,2026-03-21T05:33:41Z,Senior Data Engineer – Front Office Data Platform - Leading Hedge Fund,,,IT Jobs,it-jobs,Mondrian Alpha,"['UK', 'London', 'Central London', 'The City']","The City, Central London",,
https://www.adzuna.co.uk/jobs/details/5710796510?utm_medium=api&utm_source=ce5ae1a3,"Salary: £70,000 - 75,000 per year Requirements: Strong experience with C#, Node.js, and React Solid understanding of software engineering best practices (clean code, testing, code reviews) Experience working with AWS or cloud-native environments Responsibilities: Building and maintaining scalable web applications using C#, Node.js, and React Developing secure backend services and integrations Contributing to architecture and technical decision-making Troubleshooting complex issues across fronte…",70000.0,75000.0,0,5710796510,2026-04-26T04:29:39Z,Senior Software Developer,52.475193,-1.909104,IT Jobs,it-jobs,VIQU IT,"['UK', 'West Midlands', 'Birmingham', 'Ladywood']","Ladywood, Birmingham",full_time,
https://www.adzuna.co.uk/jobs/details/5495613993?utm_medium=api&utm_source=ce5ae1a3,"Gearset is the leading DevOps platform for Salesforce - our users can build and manage many aspects of their Salesforce development from within Gearset, from complex CI/CD pipelines to disaster recovery. The Gearset platform is a standalone tool that sits outside of the Salesforce platform, integrating via public APIs only. So while our engineering team doesn't develop within the Salesforce environment, our users do. So we work closely with those domain experts to build novel solutions to the u…",72905.78,72905.78,1,5495613993,2025-11-14T12:13:12Z,"Senior Full-Stack Software Engineer (C#/.NET, React)",,,IT Jobs,it-jobs,Gearset,['UK'],UK,full_time,
https://www.adzuna.co.uk/jobs/land/ad/5698855577?se=DsuUE7NB8RG559CN95vx2w&utm_medium=api&utm_source=ce5ae1a3&v=46F0B936D1E4BC04FB3360DE7C8178495728F7E5,"Description As a Principal Architect at JPMorganChase within the Corporate Technology team, you are an integral part of a team that works to develop and assist the development of high-quality architecture strategy and solutions for various software applications and platform products. You drive significant business impact and help shape the target state architecture through your capabilities across multiple architecture domains. You will serve as a strategic technology leader, defining and gover…",147022.95,147022.95,1,5698855577,2026-04-14T10:03:43Z,Advisory and Solution Architecture - Executive Director,,,IT Jobs,it-jobs,JPMorganChase,"['UK', 'Scotland', 'Glasgow', 'Glasgow City Centre']","Glasgow City Centre, Glasgow",full_time,
https://www.adzuna.co.uk/jobs/details/5703096231?utm_medium=api&utm_source=ce5ae1a3,"Morson Edge are currently seeking a Project Manager to work on the behalf of one of our reputable Aerospace clients based in Yeovil, Somerset. Key Responsibilities: The Project Manager is responsible for the successful delivery of the defined Project with authority and responsibility from the Programme Manager to run the project on a day to day basis. The project manager is responsible for leading and managing the project team with responsibility and authority from the Programme Manager or Spon…",62305.05,62305.05,1,5703096231,2026-04-18T01:45:47Z,Project Manager,50.943802,-2.62975,IT Jobs,it-jobs,Morson Edge,"['UK', 'South West England', 'Somerset', 'Yeovil']","Yeovil, Somerset",,contract
https://www.adzuna.co.uk/jobs/land/ad/5701325657?se=DsuUE7NB8RG559CN95vx2w&utm_medium=api&utm_source=ce5ae1a3&v=D7DE160809F0C1DD7335C9B996855A5191C3E48C,"25M page views, 150,000 members, 13,000 contacts answered. Countless lives improved Content Designer - Cancer Patient Information Services £ 40 ,000 -45,000 plus benefits Reports to: Senior Service Development Lead Grade: P2 Directorate : ​ Policy, Information and Communications ​ Contract : ​ 12 month fixed-term contract ​ Hours: ​ Full time 35 hours per week ​ Location : ​ Stratford, London ​ . ​ Office-based with high flexibility (1-2 days per week in the office) ​ Visa sponsorship: You must…",35904.74,35904.74,1,5701325657,2026-04-16T11:26:02Z,Content Designer - Cancer Patient Information Services,51.540001,-2e-06,IT Jobs,it-jobs,Cancer Research UK,"['UK', 'London', 'East London', 'Stratford']","Stratford, East London",full_time,contract
https://www.adzuna.co.uk/jobs/land/ad/5702476238?se=DsuUE7NB8RG559CN95vx2w&utm_medium=api&utm_source=ce5ae1a3&v=B36677D571D9AAAF9EA3C83E471947DDC95CFD8A,"Data Analyst Course Programme – Job Guarantee Included Complete online training designed to take you from zero experience to your first data analyst role. Study part-time, build fundamental skills, and get dedicated job placement support until you're hired. Flexible financing options available, with payment plans starting from as low as £142 per month. The Programme Complete this 10-week online training with just 10-15 hours per week of study time. You'll learn industry-standard tools, includin…",33810.28,33810.28,1,5702476238,2026-04-17T12:14:04Z,Professional Data Analysis Training (Norwich),52.628679,1.291638,IT Jobs,it-jobs,ITonlinelearning Recruitment,"['UK', 'Eastern England', 'Norfolk', 'Norwich', 'West Pottergate']","West Pottergate, Norwich",part_time,
https://www.adzuna.co.uk/jobs/land/ad/5707213432?se=DsuUE7NB8RG559CN95vx2w&utm_medium=api&utm_source=ce5ae1a3&v=FE281D4C7D4800C3883017E50D8573C04F261627,"Role: CRM & Data Executive Location: Nationwide Salary: £(phone number removed) My client is an accounting and consulting service with global reach and local expertise. They are looking for a CRM & Data Executive to support them through their exciting development in their digital journey and Dynamics will be an integral part of this. As part of their digital strategy, they are refreshing their approach to CRM, and Dynamics is their platform of choice, to be built during FY25. Key responsibiliti…",35000.0,40000.0,0,5707213432,2026-04-22T15:08:26Z,CRM & Data Executive,,,IT Jobs,it-jobs,Four Squared Recruitment Ltd,['UK'],UK,full_time,
https://www.adzuna.co.uk/jobs/land/ad/5700243952?se=DsuUE7NB8RG559CN95vx2w&utm_medium=api&utm_source=ce5ae1a3&v=56FB6C4814651A1D29A73C730026D826F5296DED,"Portfolio are proud to be representing our clients who are a Software provider based in the heart of Manchester, providing people solutions to over 100,000 clients worldwide and they're looking for a Software Engineer In Test The role is paying up to £55,000 and is 5 days a week in the office. Essential: Experience with API testing tools (Postman) Understanding of CICD (Jenkins, AWS, Azure) Displays experience of various testing techniques (Exploratory, Smoke, Regression) Understanding of Datab…",50000.0,55000.0,0,5700243952,2026-04-15T14:36:57Z,Software Engineer In Test (SDET),53.459145,-2.220609,IT Jobs,it-jobs,The Portfolio Group,"['UK', 'North West England', 'Greater Manchester', 'Manchester', 'Rusholme']","Rusholme, Manchester",full_time,
https://www.adzuna.co.uk/jobs/details/5573604329?utm_medium=api&utm_source=ce5ae1a3,"Work on Technology That Protects What Matters At SiXworks , we build secure digital solutions that support Defence and National Security missions . Our teams work on complex problems where reliability, security, and speed of innovation matter. We’re looking for a Senior Software Engineer who enjoys solving difficult technical challenges and wants their work to have real operational impact. What You’ll Do As a Senior Software Engineer , you’ll help design, build, and deliver secure digital solut…",62437.34,62437.34,1,5573604329,2026-01-08T09:29:29Z,Senior Software Engineer,51.279337,-0.792424,IT Jobs,it-jobs,SiXworks,"['UK', 'South East England', 'Hampshire', 'Farnborough']","Farnborough, Hampshire",full_time,
https://www.adzuna.co.uk/jobs/details/5396109574?utm_medium=api&utm_source=ce5ae1a3,"Location: London, fully in-office (no remote work) Start date: June 29th 2026 About the Programme Get a taste of working in a fast-paced, tech-led environment in our London office. Our placement programme will provide the opportunity to work directly with our Development teams. These teams support areas such as Finance, Operations, Risk, Trading, and Portfolio Management. During your placement, you will gain valuable hands-on experience with a multitude of technologies and disciplines such as s…",32245.78,32245.78,1,5396109574,2025-09-12T18:57:11Z,Technology Placement Year,51.503378,-0.139134,IT Jobs,it-jobs,Marshall Wace Internship Programmes,"['UK', 'London']","London, UK",,
https://www.adzuna.co.uk/jobs/details/5705450715?utm_medium=api&utm_source=ce5ae1a3,"About Sedex Sedex is a trusted partner for over 100,000 businesses worldwide, helping them create socially and environmentally sustainable supply chains . Through our platform's powerful data insights and expert guidance, we simplify the management, assessment, and reporting of sustainability performance. Our Vision is to be a leader in making global supply chains more socially and environmentally sustainable. Our Mission is To provide data-driven insights, accessible tools, and exceptional ser…",59471.23,59471.23,1,5705450715,2026-04-20T21:31:49Z,Senior Product Manager,51.511835,-0.088919,IT Jobs,it-jobs,Sedex,"['UK', 'London', 'Central London', 'The City']","The City, Central London",,
https://www.adzuna.co.uk/jobs/details/5210480954?utm_medium=api&utm_source=ce5ae1a3,"Required Skills: Solid experience in Python back-end development Demonstrated Experience on API Development in an AWS environment. Demonstrated Knowledge on API Security Concepts and their implementation. Knowledge on Data Engineering Concepts with focus on SQL-type querying Strong understanding of software design patterns and testing principles Experience Docker, Kubernetes and Terraform is a plus. Experience with component-based web frameworks such as React or Vue.js is a plus. Understanding …",37505.61,37505.61,1,5210480954,2025-05-22T08:54:31Z,Python API Developer,,,IT Jobs,it-jobs,Siemens,['UK'],UK,full_time,
https://www.adzuna.co.uk/jobs/details/5630915637?utm_medium=api&utm_source=ce5ae1a3,"Business Unit: Cubic Transportation Systems Company Details: When you join Cubic, you become part of a company that creates and delivers technology solutions in transportation to make people’s lives easier by simplifying their daily journeys, and defense capabilities to help promote mission success and safety for those who serve their nation. Led by our talented teams around the world, Cubic is committed to solving global issues through innovation and service to our customers and partners. We h…",57317.25,57317.25,1,5630915637,2026-02-15T17:07:16Z,Senior Service Analyst (Configuration & Change),51.201199,-0.167116,IT Jobs,it-jobs,Cubic,"['UK', 'South East England', 'Surrey', 'Redhill', 'Salfords']","Salfords, Redhill",full_time,
https://www.adzuna.co.uk/jobs/details/5578590717?utm_medium=api&utm_source=ce5ae1a3,"Job Requisition ID  25WD93192 Position Overview Autodesk's Architecture, Engineering, and Construction (AEC) Platform Data organization is seeking an experienced Software Architect. In this role, you will be responsible for designing and building the systems and services that power cross-cutting data capabilities across our organization and their integration with Autodesk's existing and future AEC products. This opportunity is for you if you have a passion for the design of complex system archi…",47304.62,47304.62,1,5578590717,2026-01-10T21:16:03Z,Software Architect,52.202499,0.131237,IT Jobs,it-jobs,Autodesk,"['UK', 'Eastern England', 'Cambridgeshire', 'Cambridge']","Cambridge, Cambridgeshire",,
https://www.adzuna.co.uk/jobs/details/5210486790?utm_medium=api&utm_source=ce5ae1a3,"Primary skills:TIBCO->TIBCO BusinessWorks A day in the life of an Infoscion As part of the Infosys consulting team, your primary role would be to lead the engagement effort of providing high-quality and value-adding consulting solutions to customers at different stages- from problem definition to diagnosis to solution design, development and deployment. You will review the proposals prepared by consultants, provide guidance, and analyze the solutions defined for the client business problems to …",48800.04,48800.04,1,5210486790,2025-05-22T08:55:14Z,TIBCO Lead Consultant,,,IT Jobs,it-jobs,Infosys,['UK'],UK,full_time,
https://www.adzuna.co.uk/jobs/land/ad/5708331619?se=xMnVE7NB8RG60p_fUSdYlA&utm_medium=api&utm_source=ce5ae1a3&v=D766A50ECEB7B12EA672FCB13D18EB636F17A7BB,Python Quant Developer - Hybrid - London - Up to £140k base  40% bonus Stuck in the red tape and bureaucracy that is investment banking? Tired of projects not going into production? Looking to transition and make the jump to the buy side? A global investment management fund (~$10 billion AUM) is looking for a Python Developer to help them build and maintain a research environment that facilitates diversified systematic strategies in the commodities space. You will take on development projects f…,78957.55,78957.55,1,5708331619,2026-04-23T13:51:17Z,Python Developer,51.503378,-0.139134,IT Jobs,it-jobs,Durlston Partners,"['UK', 'London']","London, UK",,
https://www.adzuna.co.uk/jobs/details/5661485879?utm_medium=api&utm_source=ce5ae1a3,"Operations Manager, Courier & Logistics The Planning & Performance team is responsible for ensuring our courier network remains stable, engaged, and responsive across multiple markets. We oversee the lifecycle experience following onboarding, focusing on enabling new couriers to get started successfully and supporting ongoing participation over time. Our mission is to maintain a reliable and adaptable supply base that can flex in line with changing customer and operational demand. We combine da…",49155.31,49155.31,1,5661485879,2026-03-11T10:13:37Z,"Operations Manager, Courier & Logistics",,,IT Jobs,it-jobs,Deliveroo,"['UK', 'London', 'Central London', 'The City']","The City, Central London",full_time,
https://www.adzuna.co.uk/jobs/details/5626272566?utm_medium=api&utm_source=ce5ae1a3,"About LILT AI is changing how the world communicates — and LILT is leading that transformation. We're on a mission to make the world's information accessible to everyone , regardless of the language they speak. We use cutting-edge AI, machine translation, and human-in-the-loop expertise to translate content faster, more accurately, and more cost-effectively without compromising on brand, voice, or quality. At LILT, we empower our teammates with leading tools, global collaboration, and growth op…",108148.44,108148.44,1,5626272566,2026-02-12T17:28:55Z,"Senior Manager, Business Operations",,,IT Jobs,it-jobs,LILT,['UK'],UK,full_time,
https://www.adzuna.co.uk/jobs/details/5710164901?utm_medium=api&utm_source=ce5ae1a3,SBA are currently supporting our Central Government client who are seeking a Lead Technical Architect on an initial 6 month contract. Skills needed for this role Bridging the gap between the technical and non-technical . You can speak on behalf of technical teams and facilitate relationships with indirect stakeholders. (Relevant skill level: working) Governance . You understand how governance works and what governance is required. You can take responsibility for the assurance of parts of a serv…,182000.0,195000.0,0,5710164901,2026-04-25T09:09:58Z,Lead Technical/Software Architect,53.480701,-2.23438,IT Jobs,it-jobs,Summer Browning,"['UK', 'North West England', 'Greater Manchester', 'Manchester']","Manchester, Greater Manchester",full_time,contract
https://www.adzuna.co.uk/jobs/details/5669615573?utm_medium=api&utm_source=ce5ae1a3,"Senior Manager - Digital Commercial Strategy At Jacobs, our digital and data solutions team serves as the central hub for digital innovation, data management, cybersecurity, software development and artificial intelligence (AI) solutions. We are dedicated to delivering exceptional value to our clients, positioning Jacobs as a trusted advisor and leader in digital. Digital solutions are transforming the way we deliver value-and redefining the economics of our industry. As we accelerate our digit…",86733.21,86733.21,1,5669615573,2026-03-17T14:22:00Z,Senior Manager - Digital Commercial Strategy,51.503378,-0.139134,IT Jobs,it-jobs,Jacobs,"['UK', 'London']","London, UK",,
https://www.adzuna.co.uk/jobs/land/ad/5685914477?se=ijoSFLNB8RGtTOojiaELgw&utm_medium=api&utm_source=ce5ae1a3&v=8E41B5FB57AB2C96A39184C2263F2CF148239E46,"Head of IT Location: (multi-site) Type: Permanent · Full-time Salary: £50-£60k IT Budget: ~£1m internal Infrastructure: Predominantly cloud Core Platform: SAP  bespoke portals A market-leading, business — part of a well-established European group — is seeking a credible, commercially-minded Head of IT to lead its UK technology function and shape the path forward on automation, SAP optimisation, and group-level engagement. The Opportunity This is a newly elevated role, created as the business re…",50000.0,60000.0,0,5685914477,2026-04-01T20:03:53Z,Head of IT,52.646284,-1.080665,IT Jobs,it-jobs,Brellis Recruitment,"['UK', 'East Midlands', 'Leicestershire', 'Leicester', 'Humberstone']","Humberstone, Leicester",full_time,permanent
https://www.adzuna.co.uk/jobs/details/5691770894?utm_medium=api&utm_source=ce5ae1a3,"Reboot Monkey is a global leader in IT solutions, specializing in data center management that simplifies your IT operations. We provide hosting space, future-proof upgrades, and 24/7 support through our smart or remote hands, ensuring seamless, secure, and sustainable service. Our fully remote, round-the-clock management frees businesses from supervision hassles, setting new benchmarks in data center solutions. We’re seeking skilled Freelance Data Center Technicians to join our growing team. If…",39032.88,39032.88,1,5691770894,2026-04-07T05:58:24Z,Data Center Technician - UK -Swindon- On-site,51.558399,-1.78199,IT Jobs,it-jobs,RM Staffing B.V.,"['UK', 'South West England', 'Wiltshire', 'Swindon']","Swindon, Wiltshire",full_time,permanent
https://www.adzuna.co.uk/jobs/details/5704062287?utm_medium=api&utm_source=ce5ae1a3,"Introduction At IBM Consulting UK FutureNow, you'll build a career at the forefront of hybrid cloud and AI, working with leading clients across the public and private sectors. You'll collaborate with top industry professionals, gain hands on experience with cutting edge technologies, and deliver solutions that create real business impact. From day one, you'll work on meaningful, high profile programmes that stretch your skills and accelerate your growth. We invest heavily in you-supporting cont…",61837.11,61837.11,1,5704062287,2026-04-19T01:04:00Z,Project Manager - eDV Clearance,51.503378,-0.139134,IT Jobs,it-jobs,IBM,"['UK', 'London']","London, UK",,contract
https://www.adzuna.co.uk/jobs/details/5597454633?utm_medium=api&utm_source=ce5ae1a3,"IT Support Officer – Outstanding Secondary School, Southwark Start Date: As soon as possible Contract: Full-time, Permanent Salary: Paid to scale School information: This is a 11 to 18 well-established, Outstanding Ofsted Rated Secondary School in Southwark with a strong commitment to high standards, digital innovation, student wellbeing and continuous improvement. The school serves a diverse and vibrant community and is widely recognised for its forward-thinking approach to teaching and learni…",34983.21,34983.21,1,5597454633,2026-01-23T19:04:20Z,"IT Support Officer – Outstanding Secondary School, Southwark",51.502066,-0.087599,IT Jobs,it-jobs,Marchant Recruitment,"['UK', 'London', 'South East London', 'Southwark']","Southwark, South East London",full_time,permanent
https://www.adzuna.co.uk/jobs/details/5710795493?utm_medium=api&utm_source=ce5ae1a3,"Salary: £90,000 - 90,000 per year Requirements: We are looking for a strong hands-on experience across Dynamics 365 and the Power Platform. You should have a proven track record in designing enterprise-scale CRM and Azure-integrated solutions. An in-depth knowledge of custom business logic using plugins, workflows, and low/no-code tools is necessary. Additionally, experience working with REST/SOAP APIs and Azure services is essential. We value a passion for innovation, so familiarity with AI Bu…",90000.0,90000.0,0,5710795493,2026-04-26T04:29:30Z,Dynamics 365 Architect,55.947533,-3.210626,IT Jobs,it-jobs,Bright Purple Resourcing,"['UK', 'Scotland', 'Edinburgh', 'Edinburgh City Centre']","Edinburgh City Centre, Edinburgh",full_time,
https://www.adzuna.co.uk/jobs/details/5707624500?utm_medium=api&utm_source=ce5ae1a3,"ADMINISTRATOR Salary: Up to £30,000 Location: Wolverhampton Job Type: Full time, permanent We are currently working with a well-established organisation to recruit a proactive and highly organised Administrator to support a fast-paced environment This role is ideal for someone who thrives in a dynamic environment, enjoys problem-solving, and takes pride in keeping operations running smoothly. Key Responsibilities Monitor incoming alerts and prioritise activity based on criticality and service i…",25000.0,30000.0,0,5707624500,2026-04-22T22:27:17Z,Administrator,52.585701,-2.12925,IT Jobs,it-jobs,Robert Walters,"['UK', 'West Midlands', 'Wolverhampton']","Wolverhampton, West Midlands",full_time,permanent
https://www.adzuna.co.uk/jobs/details/5531010913?utm_medium=api&utm_source=ce5ae1a3,"About ClickHouse Recognized on the 2025 Forbes Cloud 100 list, ClickHouse is one of the most innovative and fast-growing private cloud companies. With over 2,000 customers and ARR that has more than quadrupled over the past year, ClickHouse leads the market in real-time analytics, data warehousing, observability, and AI workloads. ClickHouse’s incredible momentum was confirmed in its recent $350M Series C financing that included new, tier one investors, Khosla Ventures, BOND, IVP, Battery Ventu…",,,0,5531010913,2025-12-06T15:14:02Z,Senior Software Engineer - Data Integration & JVM Ecosystem,,,IT Jobs,it-jobs,ClickHouse,['UK'],UK,,
https://www.adzuna.co.uk/jobs/land/ad/5701100612?se=ijoSFLNB8RGtTOojiaELgw&utm_medium=api&utm_source=ce5ae1a3&v=1448832AD62159AFE2C7FCAF08FD69CCBD9AE13E,"Govt-funded Skills Bootcamp leading to a guaranteed interview with employers. For residents of Devon only Trainee IT Service Desk and IT Support Technician professionals play a vital role in supporting the smooth running of organisational technology. They help diagnose and resolve technical issues, maintain user productivity, and ensure systems remain secure and reliable. Our Skills Bootcamp programme is providing trainees with strong foundational Microsoft IT support skills by training them in…",35000.0,35000.0,0,5701100612,2026-04-16T06:38:18Z,Trainee IT Service Desk / IT Support Technician - no experience needed,50.532001,-3.60874,IT Jobs,it-jobs,Blue Screen IT,"['UK', 'South West England', 'Devon', 'Newton Abbot']","Newton Abbot, Devon",,permanent
https://www.adzuna.co.uk/jobs/details/5688571653?utm_medium=api&utm_source=ce5ae1a3,"As we continue to experience rapid growth, we are seeking a highly skilled SharePoint Architect to join our team. The successful candidate will provide expert-level support, administration, and consultancy across Microsoft SharePoint environments both on-premises (SharePoint Server 2013/2016/2019 & Subscription Edition) and SharePoint Online. The role combines advanced troubleshooting and incident resolution with the delivery of enhancements and change for our customers. Working closely with bu…",52591.15,52591.15,1,5688571653,2026-04-03T11:19:30Z,Microsoft SharePoint Architect,,,IT Jobs,it-jobs,Codec,['UK'],UK,full_time,permanent
https://www.adzuna.co.uk/jobs/details/5710435231?utm_medium=api&utm_source=ce5ae1a3,"The Amazon Web Services Professional Services (ProServe) team is seeking a hands-on, security-focused Delivery Consultant to join our team. You will design, build, and implement security solutions in real customer environments — writing infrastructure as code, engineering detective and preventive controls, and architecting security into workloads from the ground up. You'll work at the intersection of cloud architecture and security engineering, helping customers embed security as a foundational…",58694.46,58694.46,1,5710435231,2026-04-25T19:18:46Z,"Delivery Consultant - Security, Global ProServe Security",,,IT Jobs,it-jobs,Amazon,"['UK', 'London']","London, UK",full_time,
https://www.adzuna.co.uk/jobs/land/ad/5709285014?se=_IdNFLNB8RG60p_fUSdYlA&utm_medium=api&utm_source=ce5ae1a3&v=48D97049D8FDCA98EA7B4D3B5C0DC7565D3D674A,"Come join the Risk Intelligence Content Curation and Distribution team as an Application Architect, and help drive application design, as we support our World-Check customers in protecting against sanctions evasion, money laundering, human trafficking, terrorisim and more! Role summary: The Application Architect plays a key technical role within the Risk Intelligence Engineering organisation. As we build the next set of applications and services this role contributes to their the architecture a…",50535.58,50535.58,1,5709285014,2026-04-24T12:33:14Z,Application Architect - London Stock Exchange Group,52.955101,-1.14917,IT Jobs,it-jobs,London Stock Exchange Group,"['UK', 'East Midlands', 'Nottinghamshire', 'Nottingham']","Nottingham, Nottinghamshire",full_time,
https://www.adzuna.co.uk/jobs/land/ad/5685107860?se=_IdNFLNB8RG60p_fUSdYlA&utm_medium=api&utm_source=ce5ae1a3&v=3E24B7B0847EFC69286DBB2E90248780662B009E,"A highly secure, next-generation technology environment is seeking a SOC Shift Lead to oversee cyber security operations within a cutting-edge, high-performance compute setting. This role sits within a 24/7 operational team supporting advanced infrastructure at the forefront of sovereign AI and large-scale compute. The environment is fast-paced, highly sensitive, and built on the latest high-density technology platforms. The SOC Shift Lead will take ownership of security operations during assig…",80000.0,80000.0,0,5685107860,2026-04-01T09:13:19Z,SOC Shift Lead - London,51.451818,-0.02806,IT Jobs,it-jobs,Anson Mccade,"['UK', 'London', 'South East London']","South East London, London",,permanent
https://www.adzuna.co.uk/jobs/land/ad/5695682989?se=_IdNFLNB8RG60p_fUSdYlA&utm_medium=api&utm_source=ce5ae1a3&v=098F66A0F9BF1F5C57650E31F6ECD376DC99D606,"A new, exciting opportunity has arisen for a knowledge & Innovation Assistant to join a leading, innovative law firm in Jersey. This is a busy and rewarding role, the main purpose is to support the delivery of knowledge and innovation solutions while ensuring consistency of approach across offices. Main Responsibilities: Maintaining the know-how database. Automating documents and maintaining templates. Maintaining content on global knowledge platforms. Applying house style to knowledge document…",42815.59,42815.59,1,5695682989,2026-04-10T14:31:42Z,Knowledge & Innovation Assistant,,,IT Jobs,it-jobs,Jameson Legal.,['UK'],UK,,contract
https://www.adzuna.co.uk/jobs/details/5698940242?utm_medium=api&utm_source=ce5ae1a3,"DWP. Digital with Purpose. Join us as a Product Manager and help shape the platforms, services and data capabilities that power vital public services. Our DWP Digital teams use fresh ideas and leading-edge tech to build and maintain digital solutions that will be used by nearly every person in the UK, every day and at key moments in their lives. DWP is the UK's largest government department. We help people into work and make payments worth over £195bn a year to support and empower millions of p…",57946.0,68205.0,0,5698940242,2026-04-14T12:44:01Z,Product Manager,52.483002,-1.89359,IT Jobs,it-jobs,DWP Digital,"['UK', 'West Midlands', 'Birmingham']","Birmingham, West Midlands",full_time,permanent
https://www.adzuna.co.uk/jobs/details/5567777775?utm_medium=api&utm_source=ce5ae1a3,"Got Drive? Join AnyVan as we make moving anything, anywhere miles better and build a career that moves just as fast. Back in 2009, our CEO Angus saw half-empty vans everywhere and knew there had to be a better way! That's how AnyVan began. He set out to create the world's most efficient logistics technology and help halve the number of wasted miles by filling those empty vans. Since then we've become the nation's favourite way to move, with over 150k five-star reviews and 5 million customers in…",64090.07,64090.07,1,5567777775,2026-01-05T09:26:45Z,Senior Data Scientist - Pricing,51.4925,-0.229095,IT Jobs,it-jobs,AnyVan,"['UK', 'London', 'West London', 'Hammersmith']","Hammersmith, West London",full_time,
https://www.adzuna.co.uk/jobs/land/ad/5708341364?se=_IdNFLNB8RG60p_fUSdYlA&utm_medium=api&utm_source=ce5ae1a3&v=3CF7342B9EC9CC69F5A180E6F987B868ED1F94D8,"Client: BAE Systems Job Title: Quality Engineer Duration: 12 months Location : Barrow-in-Furness Hourly Rate: £35.00 PAYE or £47.12 Umbrella Working Arrangements: On-site Working Hours: - 37 hours per week Overview BAE are seeking an experienced Quality Engineer to support compliance with the local Quality Management System and drive quality improvements across key areas of the business. You will work independently, lead specific quality scopes, and mentor junior team members. Key Responsibilit…",35.0,47.0,0,5708341364,2026-04-23T14:51:04Z,Quality Engineer,54.113793,-3.225906,IT Jobs,it-jobs,Outsource,"['UK', 'North West England', 'Cumbria', 'Barrow-In-Furness', 'Walney']","Walney, Barrow-In-Furness",,contract
https://www.adzuna.co.uk/jobs/details/5709487682?utm_medium=api&utm_source=ce5ae1a3,"Business Unit Senior Quality Manager – Drive a Greener Future with the @One Alliance Location: Peterborough / Hybrid Who are we? We’re the @one Alliance – a ground-breaking collaboration between Anglian Water and seven industry-leading partners: Balfour Beatty, Barhale, Binnies, MMB, MWH Treatment, Skanska and SWECO. Together, we deliver over half of Anglian Water’s capital investment programme. As we ramp up into AMP8 , our most ambitious period yet, we’ll be delivering an even broader range o…",67911.93,67911.93,1,5709487682,2026-04-24T19:17:39Z,Business Unit Senior Quality Manager,,,IT Jobs,it-jobs,Anglian Water one Alliance,['UK'],UK,full_time,
https://www.adzuna.co.uk/jobs/details/5710797312?utm_medium=api&utm_source=ce5ae1a3,"Salary: £60,000 - 63,000 per year Requirements: Extensive Technical Business Analyst experience, acting as a bridge between business and engineering Strong GCP experience and understanding, including GCP architecture and services Strong knowledge of IAM, CSPM, and other cloud security concepts Experience working on integration projects involving security tooling Responsibilities: Support the GCP and cloud security adoption-focused transformation programme Act as a liaison between business teams…",60000.0,63000.0,0,5710797312,2026-04-26T04:29:46Z,Technical Business Analyst,51.519996,-0.102487,IT Jobs,it-jobs,Tec Partners,"['UK', 'London', 'Central London', 'Farringdon']","Farringdon, Central London",full_time,contract
https://www.adzuna.co.uk/jobs/land/ad/5702983936?se=vuCHFLNB8RG559CN95vx2w&utm_medium=api&utm_source=ce5ae1a3&v=C32CFDCA94737C411F515F3A306BDF96A7A94895,A distinguished financial institution in London is seeking an accomplished Technical Business Analyst to assume a central role in the analysis and implementation of a sophisticated data platform dedicated to Risk and ESG. This position affords you the opportunity to engage with cross-functional teams to deliver solutions that address intricate regulatory and sustainability imperatives. To excel as a Technical Business Analyst within this esteemed organisation's London office you will bring subs…,182000.0,231920.0,0,5702983936,2026-04-17T22:43:54Z,Senior ESG Business Analyst - Python/SQL - Banking,,,IT Jobs,it-jobs,Robert Walters,"['UK', 'London']","London, UK",,
https://www.adzuna.co.uk/jobs/details/5659612516?utm_medium=api&utm_source=ce5ae1a3,"Work Location : Remote, within UK Engagement Model : Independent Contractor/Freelance Estimated Project Duration : 3 months Estimated Start Date : ASAP Role Summary We are looking for passionate, highly analytical culinary experts to help train and evaluate the next generation of Artificial Intelligence. As a Subject Matter Expert, you will review, rate, and correct AI-generated responses related to food and cooking. Your expertise will ensure our models understand flavor profiles, traditional …",54199.6,54199.6,1,5659612516,2026-03-09T20:25:50Z,Subject Matter Expert - Food Critic (UK),51.503378,-0.139134,IT Jobs,it-jobs,DataForce by TransPerfect,"['UK', 'London']","London, UK",,contract
https://www.adzuna.co.uk/jobs/details/5502063211?utm_medium=api&utm_source=ce5ae1a3,"About Nscale Nscale is taking on the hyperscalers by building a vertically integrated cloud built for AI. We own the data centres, software, and applications that power today's AI stack using sustainable technology solutions. We thrive on a culture of relentless innovation, ownership, and accountability, where every team member takes pride in their work and drives it with excellence and urgency. As a Nscaler, you’ll build trust through openness and transparency, where everyone is inspired to do…",47805.53,47805.53,1,5502063211,2025-11-18T17:16:35Z,Network Deployment Engineer,,,IT Jobs,it-jobs,Nscale,"['UK', 'London']","London, UK",,
https://www.adzuna.co.uk/jobs/details/5696172178?utm_medium=api&utm_source=ce5ae1a3,"Lead Information Security Engineer City of London (3 days per week required in the office) DGH Recruitment are currently recruiting on behalf of a leading global client who are looking for a Lead Cyber Security Engineer / Information Security Engineer to join the team on a permanent basis. Responsibilities: - Implement security architecture related to transition to cloud (e.g., Azure, Teams/O365 and iManage Cloud). - Develop and maintain documentation related to global security team operations …",100000.0,100000.0,0,5696172178,2026-04-11T01:41:43Z,Lead Information Security Engineer,,,IT Jobs,it-jobs,DGH Recruitment,"['UK', 'London', 'Central London', 'The City']","The City, Central London",,permanent
https://www.adzuna.co.uk/jobs/land/ad/5705345124?se=vuCHFLNB8RG559CN95vx2w&utm_medium=api&utm_source=ce5ae1a3&v=F389E3EA57D73C24C5CCFF7A5E0988BAE4B31283,"This is a permanent shift-based role on a 4-on 4-off basis (including nights and weekends), 12 hours per each shift. You will be required to work out of both Maidstone and Dartford sites, so the ability to get to both sites is essential. About Us Custodian Data Centres is an award-winning innovative Data Centre, Network and Cloud services provider based in Maidstone and Dartford, Kent. We are seeking a Data Centre Engineer to join our forever growing team. We have been operating for over 12 yea…",25750.0,30000.0,0,5705345124,2026-04-20T19:01:42Z,Data Centre Engineer,51.443901,0.219727,IT Jobs,it-jobs,Custodian Data Centres,"['UK', 'South East England', 'Kent', 'Dartford']","Dartford, Kent",full_time,permanent
https://www.adzuna.co.uk/jobs/land/ad/5700240148?se=vuCHFLNB8RG559CN95vx2w&utm_medium=api&utm_source=ce5ae1a3&v=CBCA12E4B6B166167BA543FAD34D652C0C4D6870,"Job Title: Programme Manager Salary: £46,743 Contract Type: Permanent Hours: Full-Time (We understand the importance of work-life balance, and offer flexible working, but do require at least 3 days a week on-site) Location: Daresbury Laboratory, Warrington About Us: The DeepTech Catalyst (DTC) helps UK technology start-ups and SMEs to grow bigger, faster and get their game-changing innovations into the real world. It is part of UK Research and Innovation (UKRI), which invests almost £10Bn each …",45000.0,45000.0,0,5700240148,2026-04-15T14:26:06Z,Programme Manager,53.392601,-2.58699,IT Jobs,it-jobs,Science and Technology Facilities Council ,"['UK', 'North West England', 'Cheshire', 'Warrington']","Warrington, Cheshire",full_time,permanent
https://www.adzuna.co.uk/jobs/details/5329646247?utm_medium=api&utm_source=ce5ae1a3,"Level 2 Service Desk Engineer Central London – Onsite £38,000 - £42,000  Paid certifications  Excellent Benefits package! Are you looking to join a fast-paced environment where learning  development is prioritised with lucrative incentives on offer? I’m on the lookout for a dynamic individual to join an established onsite team as a 2nd Line Service Desk Engineer to provide technical software, hardware, and network problem resolution onsite to a prestigious list of clients. You will be tasked wi…",38000.0,42000.0,0,5329646247,2025-07-31T12:02:27Z,2nd Line Support Engineer (Onsite),,,IT Jobs,it-jobs,Cloud Decisions,['UK'],UK,full_time,permanent
https://www.adzuna.co.uk/jobs/details/5701541546?utm_medium=api&utm_source=ce5ae1a3,"Quantitative developer €170,000 - 260,000 EUR Onsite WORKING Location: Central London, Greater London - United Kingdom Type: Permanent About the Company I am working with a start-up focused on innovation and excellence in the financial technology sector look to hire Quantitative developers for thier Milan office About the Role Build, maintain, and develop robust and optimized production-grade code to manage and execute orders across multiple MFT strategies and multiple exchanges in equities, cr…",72763.39,72763.39,1,5701541546,2026-04-16T17:47:22Z,Quantitative developer,51.51985,-0.11126,IT Jobs,it-jobs,Anson Mccade,"['UK', 'London', 'Central London']","Central London, London",,permanent
https://www.adzuna.co.uk/jobs/land/ad/5698302601?se=vuCHFLNB8RG559CN95vx2w&utm_medium=api&utm_source=ce5ae1a3&v=74CA4804B89B5EB6C7FE31F4F5F3848E2DF877EF,"Zebrec are delighted to offer this role as Junior AV Service Engineer working for our client who is a reputable & leading provider of professional services to their industry of Audio Visual Systems Integration, Smart Room Technology & Network & IT Infrastructure. Snapshot of Role, Responsibilities & Skills for the : Junior AV Service Engineer My client is looking to speak with candidates who are looking to enter the AV industry or existing candidates who would like to develop into a Service rol…",30000.0,42000.0,0,5698302601,2026-04-13T20:34:42Z,Junior AV Service Engineer,51.523772,-0.103815,IT Jobs,it-jobs,Zebrec,"['UK', 'London', 'Central London', 'Farringdon']","Farringdon, Central London",full_time,
https://www.adzuna.co.uk/jobs/land/ad/5708392824?se=vuCHFLNB8RG559CN95vx2w&utm_medium=api&utm_source=ce5ae1a3&v=1C438F9BC755FE85198CBB3CF85B528A1FA8896F,"Network Engineer – SC Cleared Are you someone who thrives in hands‑on, high‑security environments? We’re looking for a skilled Network Engineer who enjoys building, optimising, and maintaining complex network infrastructures across both local and global environments. In this role, you’ll: * Design, deliver, and support robust LAN and large‑scale WAN environments * Translate application‑specific needs into precise and secure firewall policies * Experiment, test, and validate emerging technologie…",70000.0,85000.0,0,5708392824,2026-04-23T17:19:24Z,SC Cleared Network Engineer,51.286562,-0.73797,IT Jobs,it-jobs,Fuel Recruitment Limited,"['UK', 'South East England', 'Surrey', 'Camberley', 'Mytchett']","Mytchett, Camberley",full_time,
https://www.adzuna.co.uk/jobs/land/ad/5702475658?se=ro7GFLNB8RG60p_fUSdYlA&utm_medium=api&utm_source=ce5ae1a3&v=A34059FB300C7F344BE4FDC7B3CFC8113B200F63,"Data Analyst Course Programme – Job Guarantee Included Complete online training designed to take you from zero experience to your first data analyst role. Study part-time, build fundamental skills, and get dedicated job placement support until you're hired. Flexible financing options available, with payment plans starting from as low as £142 per month. The Programme Complete this 10-week online training with just 10-15 hours per week of study time. You'll learn industry-standard tools, includin…",31185.71,31185.71,1,5702475658,2026-04-17T12:14:00Z,Entry-Level Data Analyst Training (Burnley),53.787601,-2.244648,IT Jobs,it-jobs,ITonlinelearning Recruitment,"['UK', 'North West England', 'Lancashire', 'Burnley', 'Reedley']","Reedley, Burnley",part_time,
https://www.adzuna.co.uk/jobs/details/5698216746?utm_medium=api&utm_source=ce5ae1a3,"Advert Details: Workday Business Analyst & Change Lead Location: UK or Dublin Drive how people, systems, and processes evolve across the business We are seeking a detail-oriented and analytical Workday Business Analyst & Change Lead to bring together functional expertise, business analysis, and change leadership across the Workday HCM and Financials landscape. Reporting to the Head of In Life Change for Finance, Supplier and Colleague Journeys, this role is central to ensuring business processe…",45000.0,62000.0,0,5698216746,2026-04-13T16:26:02Z,Workday Business Analyst & Change Lead,53.799599,-1.54912,IT Jobs,it-jobs,Panda,"['UK', 'Yorkshire And The Humber', 'West Yorkshire', 'Leeds']","Leeds, West Yorkshire",full_time,
https://www.adzuna.co.uk/jobs/details/5692498182?utm_medium=api&utm_source=ce5ae1a3,"The V&A is the world’s leading museum of art, design and performance, celebrating 5,000 years of human creativity. Alongside major development projects across our historic South Kensington estate and our new East London sites, we are strengthening the infrastructure that keeps our visitors, colleagues and collections safe. This role sits at the heart of that ambition. We are now seeking a Security Project Manager with strong security exposure, particularly around CCTV systems and associated sec…",48121.0,48121.0,0,5692498182,2026-04-08T01:46:29Z,Security Project Manager,,,IT Jobs,it-jobs,The Management Recruitment Group,"['UK', 'London']","London, UK",,
https://www.adzuna.co.uk/jobs/details/5210480550?utm_medium=api&utm_source=ce5ae1a3,"Some careers have more impact than others. If you’re looking for a career that will help you stand out, join HSBC and fulfil your potential. Whether you want a career that could take you to the top, or simply take you in an exciting new direction, HSBC offers opportunities, support and rewards that will take you further. HSBC is one of the largest banking and financial services organisations in the world, with operations in 64 countries and territories. We aim to be where the growth is, enablin…",45538.46,45538.46,1,5210480550,2025-05-22T08:54:26Z,iSeries AS400/Senior Software Engineer/Hyderabad/Enterprise Technology,,,IT Jobs,it-jobs,Hsbc,['UK'],UK,full_time,
https://www.adzuna.co.uk/jobs/details/5675143291?utm_medium=api&utm_source=ce5ae1a3,"Salary up to: Competitive Lead Data Analyst – Data & Analysis Join us on our journey At Nando’s, our purpose is simple: to Create Lasting Happiness – for our people, our customers, and the communities we’re part of. Born in Johannesburg and growing worldwide, we’ve always been about more than flame-grilled PERi-PERi chicken. We’re about warmth, belonging, and creating experiences that matter – for our teams, for our guests, and for you. Now, we’re building exciting new digital and data capabili…",43191.91,43191.91,1,5675143291,2026-03-22T10:16:45Z,Lead Data Analyst,51.459702,-0.21301,IT Jobs,it-jobs,Nando’s,"['UK', 'London', 'South West London', 'Putney']","Putney, South West London",full_time,
https://www.adzuna.co.uk/jobs/details/1300284815?utm_medium=api&utm_source=ce5ae1a3,"Search Engine Evaluators conduct research, evaluation and feedback on search engine results by, but not limited to, measuring the relevance and usefulness of web pages in correlation to predefined queries, by providing comparative analysis of sets of search engine results and various other techniques. Appen is looking for highly educated individuals for an exciting work from home, independent contractor opportunity. Applicants must be self motivated and internet savvy. This is an opportunity to…",28000.0,28000.0,0,1300284815,2019-10-16T11:16:43Z,Internet Crowd Worker,51.976299,-0.229986,IT Jobs,it-jobs,Appen,"['UK', 'Eastern England', 'Hertfordshire', 'Letchworth Garden City']","Letchworth Garden City, Hertfordshire",,
https://www.adzuna.co.uk/jobs/land/ad/5702474741?se=ro7GFLNB8RG60p_fUSdYlA&utm_medium=api&utm_source=ce5ae1a3&v=DCE8B86838501CB88B05AC12A45068F4D743608E,"Data Analyst Course Programme – Job Guarantee Included Complete online training designed to take you from zero experience to your first data analyst role. Study part-time, build fundamental skills, and get dedicated job placement support until you're hired. Flexible financing options available, with payment plans starting from as low as £142 per month. The Programme Complete this 10-week online training with just 10-15 hours per week of study time. You'll learn industry-standard tools, includin…",36293.48,36293.48,1,5702474741,2026-04-17T12:13:54Z,Data Analysis Starter Course - Job Guarantee Included (Sheffield),53.380376,-1.469811,IT Jobs,it-jobs,ITonlinelearning Recruitment,"['UK', 'Yorkshire And The Humber', 'South Yorkshire', 'Sheffield', 'Norton']","Norton, Sheffield",part_time,
https://www.adzuna.co.uk/jobs/details/5694374918?utm_medium=api&utm_source=ce5ae1a3,"QR's reputation for product data management and consultancy has put us at the vanguard of transforming the automotive, aerospace and robotics industries across the globe, as they seek to build better products and a more sustainable future. As a team, we are particularly excited to be supporting the development of some truly planet-changing products, including connected, electric and solar vehicles and an increasingly diverse range of new technologies. We’re very proud to have been named in the …",50519.44,50519.44,1,5694374918,2026-04-09T10:29:53Z,Management Consultant - Senior And Lead Level,52.483002,-1.89359,IT Jobs,it-jobs,Quick Release,"['UK', 'West Midlands', 'Birmingham']","Birmingham, West Midlands",full_time,
https://www.adzuna.co.uk/jobs/details/5710795642?utm_medium=api&utm_source=ce5ae1a3,"Salary: £40,000 - 73,000 per year Requirements: Bachelors degree in Computer Science, Information Technology, or related field 7 years in IT roles, with at least 3 years in solution architecture Experience in large-scale system design and implementation Certifications (Preferred): TOGAF, AWS/Azure Solution Architect, ITIL Knowledge of enterprise architecture frameworks (e.g., TOGAF, Zachman) Proficiency in cloud platforms (AWS, Azure, GCP) and hybrid architectures Experience with APIs, microser…",40000.0,73000.0,0,5710795642,2026-04-26T04:29:31Z,IT Solution Architect,50.872576,-1.250126,IT Jobs,it-jobs,Saab UK,"['UK', 'South East England', 'Hampshire', 'Fareham', 'Whiteley']","Whiteley, Fareham",full_time,
https://www.adzuna.co.uk/jobs/details/5623166370?utm_medium=api&utm_source=ce5ae1a3,"Title - Senior Data Analyst Location - London Salary - £39,525 - £49,407 About CDP: CDP is a global non-profit that runs the world’s only independent environmental disclosure system. As the founder of environmental reporting, we believe in transparency and the power of data to drive change. Partnering with leaders in enterprise, capital, policy and science, we surface the information needed to enable Earth-positive decisions. We helped more than 24,800 companies and almost 1,000 cities, states …",41431.39,41431.39,1,5623166370,2026-02-10T20:13:09Z,Senior Data Analyst,51.512061,-0.078084,IT Jobs,it-jobs,CDP Global,"['UK', 'London', 'Central London', 'Fenchurch St']","Fenchurch St, Central London",,
https://www.adzuna.co.uk/jobs/land/ad/5693485570?se=tFADFbNB8RG559CN95vx2w&utm_medium=api&utm_source=ce5ae1a3&v=9A1926E39746618B13079D12A6BDCCD3D14BF5E2,"Job Title IT Manager & Hands on Principal Technician Salary Our salaries are competitive and reviewed regularly to ensure they remain fair and in line with the wider industry. Location Tipton Our Company Doocey Group is a family-run utility and civil engineering contractor with over 40 years’ experience built on strong, Black Country values. We’ve experienced significant growth over the past 10 years which we’ve achieved through consistently delivering high quality work on behalf of our clients…",38111.71,38111.71,1,5693485570,2026-04-08T19:44:41Z,IT Manager & Hands on Principal Technician,52.532795,-2.055207,IT Jobs,it-jobs,Doocey Group,"['UK', 'West Midlands', 'Tipton', 'Dudley Port']","Dudley Port, Tipton",full_time,
https://www.adzuna.co.uk/jobs/details/5710796964?utm_medium=api&utm_source=ce5ae1a3,"Salary: £30,000 - 34,000 per year Requirements: Experience as a 1st / 2nd Line Support Engineer or similar Strong desktop support across Windows and Microsoft 365 Exposure to Intune, Autopilot or PowerShell desirable Good understanding of IT systems and networking basics Strong communication skills and customer focus Organised, able to manage multiple priorities Responsibilities: Provide day-to-day support as a 1st / 2nd Line Support Engineer across hardware and software Manage and prioritise t…",30000.0,34000.0,0,5710796964,2026-04-26T04:29:43Z,First Line Support Engineer,53.449975,-2.042664,IT Jobs,it-jobs,Vantage Recruitment,"['UK', 'North West England', 'Greater Manchester', 'Stalybridge', 'Matley']","Matley, Stalybridge",full_time,
https://www.adzuna.co.uk/jobs/details/5051337889?utm_medium=api&utm_source=ce5ae1a3,"About us Private Equity Insights is the world's leading Private Equity community. We connect and develop more than 240,000 investment professionals across the world, through our platforms, which include conferences, webinars, magazines and news reports. Private Equity Insights is part of United Media ( https://www.united-media.com/ ) which focuses on building large scale industry media and conferences products in sectors such as insurance, HR, private equity, retail, etc. As of today, we have o…",71755.63,71755.63,1,5051337889,2025-02-15T15:15:25Z,Client Success Lead at Private Equity Insights,51.503378,-0.139134,IT Jobs,it-jobs,Private Equity Insights,"['UK', 'London']","London, UK",,
https://www.adzuna.co.uk/jobs/details/5702217351?utm_medium=api&utm_source=ce5ae1a3,"Lead financial strategy at London's most innovative regulatory technology company, where your expertise will drive PE value creation and shape the future of trade reportingLead financial strategy at London's most innovative regulatory technology company, where your expertise will drive PE value creation and shape the future of trade reporting solutions. Working at the intersection of finance and cutting-edge technology, this PE-backed RegTech specialist is transforming how financial institution…",75000.0,75000.0,0,5702217351,2026-04-17T05:35:59Z,FP&A Director - PE-Backed RegTech Pioneer,51.503378,-0.139134,IT Jobs,it-jobs,The Opportunity Hub UK,"['UK', 'London']","London, UK",,permanent
https://www.adzuna.co.uk/jobs/land/ad/5699086565?se=tFADFbNB8RG559CN95vx2w&utm_medium=api&utm_source=ce5ae1a3&v=5D361C54F5140B8E9E9F726CB02138999AADA27D,"Deutsche Bank is a global banking business with strong roots in Germany and operations in over 70 countries. Their large but focused footprint gives an established position in Europe plus a significant presence in the Americas and Asia Pacific. There are four business divisions: the Corporate Bank, the Investment Bank, the Private Bank and the Asset Manager DWS. There are also a number of highly skilled functions performing key management tasks. 'Together we're sharing new perspectives and tran…",68537.59,68537.59,1,5699086565,2026-04-14T16:23:42Z,Lead Techno‑Functional Business Analyst,51.523772,-0.103815,IT Jobs,it-jobs,Deutsche Bank,"['UK', 'London', 'Central London', 'Farringdon']","Farringdon, Central London",,contract
https://www.adzuna.co.uk/jobs/details/5666282426?utm_medium=api&utm_source=ce5ae1a3," Who We Are: We are rebuilding the energy transaction, making it transparent and fair. Our goal is to put power back where it belongs, in the hands of customers and to take on one of the most critical problems of our century, access to low cost electricity. tem exists to fix a broken global energy market that’s long favoured legacy operators, intermediaries, and opaque pricing. Today’s electricity system was not designed for rapid decarbonisation, AI-driven efficiency or fair access for the act…",70694.39,70694.39,1,5666282426,2026-03-15T10:11:31Z,Senior Staff Engineer - Agent Platform,,,IT Jobs,it-jobs,tem,['UK'],UK,full_time,
https://www.adzuna.co.uk/jobs/details/5687570798?utm_medium=api&utm_source=ce5ae1a3,"Latham & Watkins is one of the world’s leading global law firms advising the businesses and institutions that drive the global economy. We are the market leaders in major financial and business centers around the world. Our investment in people, commitment to innovation, and focus on the future empower you to build an incredible career and thrive as an exceptional professional in a supportive culture. If you aspire to be the best, and work with the best, this is where you belong. The Junior AV …",32521.54,32521.54,1,5687570798,2026-04-02T15:36:27Z,Junior AV Technician,51.515938,-0.082478,IT Jobs,it-jobs,Latham & Watkins LLP,"['UK', 'London', 'Central London', 'Liverpool Street']","Liverpool Street, Central London",full_time,
https://www.adzuna.co.uk/jobs/details/5708836067?utm_medium=api&utm_source=ce5ae1a3,"Your role at a glance As the Regional Passive Networks Governance Specialist, you will act as a delivery engine for GDC Networks within your region. This role is responsible for implementing standardized processes, procedures, vendor supply, and tooling for local teams globally to ensure consistency and efficiency across all regions, with a strong focus on reducing outsource spend and lead times by bringing client work in-house through team development and training. This is a hybrid role based …",60993.66,60993.66,1,5708836067,2026-04-24T01:51:19Z,Regional Passive Networks Governance Specialist,51.5093,-0.595448,IT Jobs,it-jobs,NTT Global Data Centers EMEA UK ltd,"['UK', 'South East England', 'Berkshire', 'Slough']","Slough, Berkshire",,
https://www.adzuna.co.uk/jobs/land/ad/5691158311?se=tFADFbNB8RG559CN95vx2w&utm_medium=api&utm_source=ce5ae1a3&v=ED3D9C6992B66847ADE9AADCB731E4056667C239,"Enterprise Architect - Microsoft SME - Up To £86,000 - Hybrid (Two days a week in Nantgarw - Flexible) The Opportunity Yolk Recruitment Public Sector & Not-for-Profit team has partnered with a vital NHS organisation that ensures that our vital frontline services are well resourced and functioning properly. They do incredible work for our healthcare workers across Wales. They are looking for an Enterprise Architect to take a leading role in the organisation, delivering against a number of workst…",85000.0,85000.0,0,5691158311,2026-04-06T09:27:14Z,Enterprise Architect,,,IT Jobs,it-jobs,Yolk Recruitment Limited,"['UK', 'Wales', 'Cardiff County']","Cardiff County, Wales",,permanent
https://www.adzuna.co.uk/jobs/land/ad/5708392808?se=tFADFbNB8RG559CN95vx2w&utm_medium=api&utm_source=ce5ae1a3&v=0A87627C5EC83EB599C2FB7073E40744ED6337C7,"A law firm are currently seeking an apprentice to help assist with their IT and smart networks. The role will provide a hands-on opportunity to work with enterprise technology, engage with key stakeholders within the firm, and develop new skills. Ideal for a 1st time role since training will be provided. KEY DUTIES – * Configure and install network hardware including switches, firewalls and wireless access points * Monitor and review network infrastructure to ensure effective operational uptime…",26000.0,26000.0,0,5708392808,2026-04-23T17:19:24Z,Apprentice Smart Engineer,50.470617,-4.301132,IT Jobs,it-jobs,Back TO Work,"['UK', 'South West England', 'Cornwall', 'Saltash', 'Pillaton']","Pillaton, Saltash",full_time,
https://www.adzuna.co.uk/jobs/details/5210481504?utm_medium=api&utm_source=ce5ae1a3,"Lead Quality Engineer Qualification Graduate Responsibility Test Requirement Analysis : Identify requirement defects by adopting shift left levers eg: Requirement Ambiguity Matrix, ADPART ,and other cognizant solution accelerators * Perform KT on user stories. Design estimates (time /effort) based on the requirements analysis. In case of critical technology, create test scripts and seek review inputs from the test lead. Understand and analyze the requirements (through review of requirement docu…",40895.46,40895.46,1,5210481504,2025-05-22T08:54:38Z,Associate - Projects,,,IT Jobs,it-jobs,cognizant,['UK'],UK,full_time,
https://www.adzuna.co.uk/jobs/land/ad/5708331265?se=iDI-FbNB8RGtTOojiaELgw&utm_medium=api&utm_source=ce5ae1a3&v=8C368DFC669ED0E886A9815617DA03520E23E266,"(Senior) Network Engineer - Cisco Location: London Salary: 90-100k€ We are partnering with a globally active organisation to recruit a Senior Network Engineer to join their Core Infrastructure Services team in London. About the role As a Senior Network Engineer, you will play a key role in the design, operation and optimisation of a secure, scalable enterprise network environment that supports business-critical systems. You will work within a multidisciplinary technology team to ensure stabilit…",75912.39,75912.39,1,5708331265,2026-04-23T13:51:04Z,Senior Network Engineer,,,IT Jobs,it-jobs,Block MB,"['UK', 'London', 'Central London', 'The City']","The City, Central London",,
https://www.adzuna.co.uk/jobs/land/ad/5702476856?se=iDI-FbNB8RGtTOojiaELgw&utm_medium=api&utm_source=ce5ae1a3&v=EE703DD98CB0E5AD0DCD91692D9989E260371C1A,"Trainee Cyber Security Course Programme – Job Guarantee Included Complete online training designed to take you from zero experience to your first Cyber Security role. Study part-time, build fundamental skills, and get dedicated job placement support until you're hired. Flexible financing options available, with payment plans starting from as low as £142 per month. The Programme Complete this 8-10 week online training with just 2 hours per day of study time. You will learn industry-recognised me…",34269.36,34269.36,1,5702476856,2026-04-17T12:14:11Z,Cyber Security Starter Course (Leeds),53.800379,-1.549705,IT Jobs,it-jobs,ITonlinelearning Recruitment,"['UK', 'Yorkshire And The Humber', 'West Yorkshire', 'Leeds', 'Holbeck']","Holbeck, Leeds",part_time,
https://www.adzuna.co.uk/jobs/details/5707734818?utm_medium=api&utm_source=ce5ae1a3,"Automation Engineer On-site | Monday – Friday The Role Are you an Automation Engineer looking to support and improve site-wide automation systems within a fast-paced manufacturing environment. This is a hands-on role with strong project involvement, including a major ongoing site project. Key Responsibilities Lead automation and PLC support across the site Troubleshoot faults and drive system improvements Deliver automation projects from concept to completion Play a key role in a major site-wid…",65000.0,65000.0,0,5707734818,2026-04-23T01:52:30Z,Automation Engineer,52.812705,-2.129014,IT Jobs,it-jobs,The Sterling Choice Ltd,"['UK', 'West Midlands', 'Staffordshire']","Staffordshire, West Midlands",,
https://www.adzuna.co.uk/jobs/details/5677153901?utm_medium=api&utm_source=ce5ae1a3,"At The Multiplayer Group (MPG), we create world-class multiplayer experiences through Co-Dev and Full-Dev partnerships. Our people-first culture supports a diverse, global team in a welcoming and flexible work environment. With teams spread worldwide, we prioritise connection—both online and in person. Giving back is central to who we are, with a focus on local communities, education, and sustainability. We are looking for a highly experienced, fully remote Principal Backend Engineer. You’ll be…",50110.38,50110.38,1,5677153901,2026-03-24T18:30:51Z,Principal Backend Engineer - MPG - Fully remote from the UK or the EU,,,IT Jobs,it-jobs,Climax Studios,['UK'],UK,full_time,permanent
https://www.adzuna.co.uk/jobs/land/ad/5683624043?se=iDI-FbNB8RGtTOojiaELgw&utm_medium=api&utm_source=ce5ae1a3&v=35C5B6C9AB888F95924FEE119F150DF25FC3ADD1,Trainee Network Engineer - No Experience Required Are you looking to kick-start a new career in IT? We are recruiting for companies who are looking to employ our Network Engineer Traineeship graduates to keep up with their growth. The best part is you will not need any previous experience as full training will be provided. You will also have the reassurance of a job guarantee (£24K-£45K) upon completion. We are currently placing over 100 of our graduates into new roles each month. Whether you a…,24000.0,45000.0,0,5683624043,2026-03-30T23:28:50Z,Trainee Network Engineer,,,IT Jobs,it-jobs,IT Career Switch,"['UK', 'Wales', 'Newport']","Newport, Wales",full_time,permanent
https://www.adzuna.co.uk/jobs/details/5694405212?utm_medium=api&utm_source=ce5ae1a3,"Darktrace is a global leader in AI for cybersecurity that keeps organizations ahead of the changing threat landscape every day. Founded in 2013, Darktrace provides the essential cybersecurity platform protecting nearly 10,000 organizations from unknown threats using its proprietary AI. The Darktrace Active AI Security Platform™ delivers a proactive approach to cyber resilience to secure the business across the entire digital estate – from network to cloud to email. Breakthrough innovations from…",27312.72,27312.72,1,5694405212,2026-04-09T11:24:23Z,Senior Customer Success Engineer,,,IT Jobs,it-jobs,Darktrace,"['UK', 'London']","London, UK",full_time,
https://www.adzuna.co.uk/jobs/details/5695797614?utm_medium=api&utm_source=ce5ae1a3,"Location: Head Office, London Hours: Monday to Friday, 9:00am-5:30pm Working Pattern: Hybrid (50/50) Reports to: Network Team Manager Department: Information Technology - Network Team Travel: Infrequent UK travel, as required About the Role We're looking for a proactive and technically strong Network Engineer to join our Network Team at Hampshire Trust Bank. This role is ideal for someone who enjoys working across a broad network estate and wants exposure to design, implementation, security and…",0.0,75000.0,0,5695797614,2026-04-10T19:23:22Z,Network Engineer,51.503378,-0.139134,IT Jobs,it-jobs,Hampshire Trust Bank,"['UK', 'London']","London, UK",full_time,permanent
https://www.adzuna.co.uk/jobs/details/5683642291?utm_medium=api&utm_source=ce5ae1a3,"Data Manager (Food Quality) - 15 months FTC MorePeople is partnering with a London based non-profit organisation that is a recognised leader in UK food assurance. The organisation sets high standards across food safety, animal welfare, and environmental practices, playing a vital role in maintaining consumer confidence in British food production. Working across the entire supply chain, they have a strong reputation for driving best practice and continuous improvement. Ideal Candidate We are loo…",41310.46,41310.46,1,5683642291,2026-03-30T23:47:39Z,Data Manager - 15 Month Maternity Cover,,,IT Jobs,it-jobs,MorePeople,"['UK', 'London']","London, UK",,contract
https://www.adzuna.co.uk/jobs/details/5703684723?utm_medium=api&utm_source=ce5ae1a3,"Toloka AI supports frontier model post-training by building domain-specific reinforcement learning environments, tasks, and evaluation frameworks designed by real practitioners. Mindrift, powered by Toloka — a leading enterprise AI and machine learning data partner since 2014 — connects top domain experts with cutting-edge AI initiatives. Backed by Toloka’s deep expertise in scalable data generation, crowd technology, and applied ML systems, Mindrift enables experts to shape how next-generation…",63937.51,63937.51,1,5703684723,2026-04-18T14:54:41Z,Strategy Consultant - AI Training & Evaluation (MBB & Top-Tier Firms),,,IT Jobs,it-jobs,Mindrift,['UK'],UK,part_time,
https://www.adzuna.co.uk/jobs/details/5695962163?utm_medium=api&utm_source=ce5ae1a3,"Supporting a UK-wide network of over 5,000 local, expert technology providers, Giacom makes it really simple for technology resellers and MSPs to access everything they need to create brilliant technology solutions for UK businesses. Giacom’s market-leading platform, Cloud Market, provides one place where partners can procure and manage comms, cloud, hardware and IT products and services, from the world’s leading vendors and service providers. The Software Support Engineer plays a key role in d…",41382.02,41382.02,1,5695962163,2026-04-10T21:32:27Z,Software Support Engineer - SQL,52.886597,-1.628376,IT Jobs,it-jobs,Giacom,"['UK', 'East Midlands', 'Derbyshire', 'Derby', 'Hilton']","Hilton, Derby",,
https://www.adzuna.co.uk/jobs/land/ad/5669975494?se=WIuIFbNB8RG559CN95vx2w&utm_medium=api&utm_source=ce5ae1a3&v=4BAB3E7716FAF80B89E7D3D739FCF57493883F58,"Role: M365 Development Lead Location: Canary Wharf Salary: up to £78,000 Work pattern: 1-2 days a week in the office My client who is a leading insurance company is looking for an experienced M365 Development Lead to join their ranks. You will be joining a company that is going through an exciting phase as they embark on a digital transformation. Key Skills/Experience : Exchange (Online and On-Prem) - strong understanding and hands-on experience. Intune & SCCM - non-negotiable; needs solid oper…",75000.0,75000.0,0,5669975494,2026-03-17T21:20:21Z,M365 Development Lead,,,IT Jobs,it-jobs,Sanderson Recruitment,"['UK', 'London']","London, UK",,permanent
https://www.adzuna.co.uk/jobs/details/5647276655?utm_medium=api&utm_source=ce5ae1a3,"Super Payments Our mission is to use data and AI to make payments free for businesses, so that everyone wins . By removing payment fees and passing savings back to customers, we are disrupting the payments industry while helping businesses increase sales and loyalty. With Buy Now, Pay Later (BNPL) free for merchants and 0% card payment processing , Super gives businesses a powerful way to reduce costs, grow sales, and reward customers. Already trusted by thousands of businesses and more than 4 …",88471.88,88471.88,1,5647276655,2026-02-27T13:16:52Z,Senior Frontend Engineer,51.503378,-0.139134,IT Jobs,it-jobs,Super Payments,"['UK', 'London']","London, UK",,
https://www.adzuna.co.uk/jobs/land/ad/5703709317?se=WIuIFbNB8RG559CN95vx2w&utm_medium=api&utm_source=ce5ae1a3&v=547BA70ED618C6D4E284BFB3C96EF6687C219036,"Engineering Scrum Master Company: BAE Systems Location: Warton Aerodrome, Preston (PR4) Contract Length: 9 months Rate: £41.87 PAYE or £56.44 Umbrella (Inside IR35) Working Pattern: Onsite 2 days per week (Tuesdays & Wednesdays) Clearance: You’ll be required to undergo SC Clearance The Role BAE Systems is looking for an Engineering Scrum Master to support BAE Air programmes, working within Siemens-led Agile sprints . The role focuses on driving sprint delivery, supporting engineering teams, and…",59657.38,59657.38,1,5703709317,2026-04-18T16:17:50Z,Scrum Master,53.757702,-2.70344,IT Jobs,it-jobs,Outsource UK,"['UK', 'North West England', 'Lancashire', 'Preston']","Preston, Lancashire",,contract
https://www.adzuna.co.uk/jobs/details/5619398359?utm_medium=api&utm_source=ce5ae1a3,"Job Description: Strengthen our team as our SAP Signavio Process Transformation Lead Location: Home based with travel to client sites/workshop- UK wide Vetting: Security Clearance An exciting opportunity has arisen for an experienced SAP Signavio Process Transformation Lead to join our team to play a critical role in driving enterprise-wide business process transformation for our S/4HANA programs. You will lead discovery, analysis, and redesign of end‑to‑end business processes using the SAP Sig…",63290.74,63290.74,1,5619398359,2026-02-07T19:55:53Z,SAP Signavio Process Transformation Lead,,,IT Jobs,it-jobs,DXC,['UK'],UK,,
https://www.adzuna.co.uk/jobs/details/5673627928?utm_medium=api&utm_source=ce5ae1a3,"Job Title: Business Change Workstream Lead Location: Lincolnshire, United Kingdom (Hybrid 1 day per week onsite) Job Type: Contract (6 months, Inside IR35) The Role The Business Change Workstream Lead is a senior manager within the Trust who reports directly to the Tranche Design and Build Lead. You will play a pivotal role in delivering a major Electronic Patient Record (EPR) implementation within NHS Trusts. This position offers the chance to influence how clinical teams access and use inform…",74260.74,74260.74,1,5673627928,2026-03-20T22:36:47Z,Business Change Workstream Lead,,,IT Jobs,it-jobs,Stackstudio Digital Ltd.,['UK'],UK,,contract
https://www.adzuna.co.uk/jobs/land/ad/5700240841?se=WIuIFbNB8RG559CN95vx2w&utm_medium=api&utm_source=ce5ae1a3&v=BE91B9C51769A0FA427F829DCEA1499BD35A5B65,"Are you looking to benefit from a new career in Web Development? Skills shortages in the IT sector is driving the need for qualified, entry-level career seekers and career changers. We help place graduates from this programme in top UK companies and organisations needing to employ entry-level software development staff that can hit the ground running with up-to-date skills gained from this programme. The best part is you will not need any previous experience as fully accredited training, which …",29000.0,35000.0,0,5700240841,2026-04-15T14:29:24Z,Web Developer Trainee,,,IT Jobs,it-jobs,ITOL Recruit,"['UK', 'Eastern England', 'Peterborough']","Peterborough, Eastern England",full_time,permanent
https://www.adzuna.co.uk/jobs/details/5686389531?utm_medium=api&utm_source=ce5ae1a3,"Personal Trainer - Build Your Business with The Gym Group! Are you a passionate and ambitious Level 3 qualified Personal Trainer looking to grow your self-employed career in a supportive and dynamic environment? At The Gym Group, we're more than just a gym-we're a nationwide fitness community that makes health and wellness accessible to everyone. With over 240 locations across the UK, we provide the perfect space for you to thrive, grow your client base, and do what you love. Why Choose The Gym…",41514.92,41514.92,1,5686389531,2026-04-01T23:04:20Z,Self Employed Personal Trainer - Leicester Aylestone Road,52.6348,-1.12952,IT Jobs,it-jobs,TheGymGroup,"['UK', 'East Midlands', 'Leicestershire', 'Leicester']","Leicester, Leicestershire",,
https://www.adzuna.co.uk/jobs/details/5678131659?utm_medium=api&utm_source=ce5ae1a3,"Reporting into the VP of Business Operations within the Business Operations team, the IT Manager will act as AVK’s internal lead for technology infrastructure, and cybersecurity, ensuring our systems remain secure, reliable, and scalable as the business continues to grow. Working closely with our outsourced IT provider (CodeZero), this role will manage day-to-day IT operations while defining AVK’s longer-term strategy for in-house capability, digital resilience, and data compliance. The IT Mana…",60000.0,70000.0,0,5678131659,2026-03-25T15:39:32Z,IT Manager,51.503378,-0.139134,IT Jobs,it-jobs,AVK,"['UK', 'London']","London, UK",full_time,
https://www.adzuna.co.uk/jobs/land/ad/5696608272?se=WIuIFbNB8RG559CN95vx2w&utm_medium=api&utm_source=ce5ae1a3&v=DE7701430D9B55E5D94F91BE2631650106C388B8,"We are a leading systems integrator and consulting multinational, dedicated to delivering innovative solutions in Data & AI. Our mission is to empower businesses with cutting-edge technology and data-driven insights. Data and AI are key growth areas for us in the near and medium term, and we are increasing our delivery capability. Leads the execution of profitable professional data and AI delivery for NTT DATA and clients. The role will align on delivery approach, tools and processes with other…",87652.46,87652.46,1,5696608272,2026-04-11T11:53:35Z,Data & AI Technical Delivery Manager,51.503378,-0.139134,IT Jobs,it-jobs,Ntt Data,"['UK', 'London']","London, UK",full_time,
https://www.adzuna.co.uk/jobs/land/ad/5694595773?se=5hu1FbNB8RG559CN95vx2w&utm_medium=api&utm_source=ce5ae1a3&v=7B4B6D819DA4CA0D4785AA25CD53C61F63E6455E,"Project Manager – Manchester (Hybrid) – £70,000 This isn’t a role for someone who just tracks delivery. It’s for a proper Project Manager who can sit in the middle of business, tech and clients — and make things happen. You’ll be joining a FinTech business with a strong product already in market, growing quickly, and onboarding new clients at pace. The challenge now is simple: delivery needs to scale, and it needs to land properly with customers. They’re building out the PMO, so this is about b…",60000.0,70000.0,0,5694595773,2026-04-09T15:49:49Z,Project Manager,53.459145,-2.220609,IT Jobs,it-jobs,Socium Recruitment,"['UK', 'North West England', 'Greater Manchester', 'Manchester', 'Rusholme']","Rusholme, Manchester",full_time,
https://www.adzuna.co.uk/jobs/details/5701470557?utm_medium=api&utm_source=ce5ae1a3,"Join a leading Banking and Financial Services provider as a Salesforce Business Analyst! Job Overview: As a Senior Business Analyst, you will play a pivotal role in shaping complex, Salesforce-led change programmes, acting as a consultative force multiplier for delivery teams. You will own and drive business analysis outcomes across multi-team, multi-vendor environments, ensuring clarity, alignment, and value throughout the delivery lifecycle.In addition to core analysis responsibilities, you w…",104000.0,117000.0,0,5701470557,2026-04-16T14:05:06Z,Data Analyst,,,IT Jobs,it-jobs,Hays Specialist Recruitment Limited,"['UK', 'London']","London, UK",,contract
https://www.adzuna.co.uk/jobs/land/ad/5663505547?se=5hu1FbNB8RG559CN95vx2w&utm_medium=api&utm_source=ce5ae1a3&v=102B0D587B0CE1EE90749B6EDBBB8B481CCAE48D,"Leidos are a global leader in the integration and application of information technology, engineering, and science to solve the customers most demanding challenges. We deliver mission-focused solutions including cloud services, enterprise IT solutions, data center modernization, operational technology and cyber security including end-to-end cyber integration and high-grade encryption. Because of significant business growth in an exciting mission critical sector, we have a requirement for a secur…",56242.96,56242.96,1,5663505547,2026-03-13T13:28:28Z,Senior Test Engineer,52.226299,-2.73873,IT Jobs,it-jobs,Leidos,"['UK', 'West Midlands', 'Herefordshire', 'Leominster']","Leominster, Herefordshire",full_time,
https://www.adzuna.co.uk/jobs/details/5598916138?utm_medium=api&utm_source=ce5ae1a3,"About this role At BlackRock, technology is the foundation of our business. As a Associate, Java Back-End Engineer, you’ll lead by example — architecting, coding, and mentoring teams to build resilient systems that power our global post-trade operations. You’ll design and deliver enterprise-scale software with a focus on reliability, performance, and clean engineering practices. About Post Trade Accounting (PTA) - A major strategic area within Aladdin and one of BlackRock’s largest engineering …",81830.6,81830.6,1,5598916138,2026-01-24T16:43:40Z,"Java Engineer, Aladdin Engineering, Associate",,,IT Jobs,it-jobs,BlackRock,['UK'],UK,full_time,
https://www.adzuna.co.uk/jobs/details/5210481967?utm_medium=api&utm_source=ce5ae1a3,"Some careers shine brighter than others. If you’re looking for a career that will help you stand out, join HSBC and fulfil your potential. Whether you want a career that could take you to the top, or simply take you in an exciting new direction, HSBC offers opportunities, support and rewards that will take you further. HSBC is one of the largest banking and financial services organisations in the world, with operations in 64 countries and territories. We aim to be where the growth is, enabling …",42688.71,42688.71,1,5210481967,2025-05-22T08:54:44Z,Business Analyst-Debt Capital Markets/Senior Lead Consultant Specialist/Pune/Wholesale IT: 0000JIVK,,,IT Jobs,it-jobs,Hsbc,['UK'],UK,full_time,
https://www.adzuna.co.uk/jobs/details/5210490984?utm_medium=api&utm_source=ce5ae1a3,"Job Description: Oversee Release Management: Manage the end-to-end release management process, ensuring the successful planning, coordination, and execution of software releases. Release Planning: Collaborate with stakeholders to define release scope, objectives, and timelines, ensuring alignment with business goals and priorities. Release Coordination: Coordinate and schedule release activities, including environment setup, code branching, build deployments, testing, and go-live activities. Ri…",43902.56,43902.56,1,5210490984,2025-05-22T08:55:38Z,Release Manager,,,IT Jobs,it-jobs,wipro,['UK'],UK,full_time,
https://www.adzuna.co.uk/jobs/land/ad/5682765258?se=5hu1FbNB8RG559CN95vx2w&utm_medium=api&utm_source=ce5ae1a3&v=C361575B2735C3569C777F3DA9F887DD8D971392,"The Role: Data Architect Location: Birmingham (once a week on site) Salary: Up to £85,000  bonus  generous pension VIQU have partnered with a leading organisation undergoing a large scale brownfield transformation, replacing an existing data platform with a modern, scalable solution and so are hiring a Data Architect to lead the design of this platform. This role would suit a pragmatic Data Architect who has previously designed and built a greenfield or brownfield platform with a high level of …",80000.0,85000.0,0,5682765258,2026-03-30T11:29:13Z,Data Architect,52.460083,-1.902086,IT Jobs,it-jobs,VIQU IT,"['UK', 'West Midlands', 'Birmingham', 'Balsall Heath']","Balsall Heath, Birmingham",full_time,
https://www.adzuna.co.uk/jobs/details/5710796197?utm_medium=api&utm_source=ce5ae1a3,"Salary: £28,000 - 30,000 per year Requirements: Mature and logical approach to problems Proficient in the use of MS Outlook and MS Office (predominantly MS Excel) Strong customer-facing skills A Can Do attitude Flexible approach to working times Capable of working independently Presentable and professional at all times Excellent communication and relational skills Ability to work under pressure and meet deadlines Strong planning and foresight abilities Excellent verbal and written communication…",28000.0,30000.0,0,5710796197,2026-04-26T04:29:35Z,Project Administrator,52.275267,-1.948776,IT Jobs,it-jobs,Microteam Ltd,"['UK', 'West Midlands', 'Worcestershire', 'Redditch', 'Hunt End']","Hunt End, Redditch",full_time,
https://www.adzuna.co.uk/jobs/details/5687232817?utm_medium=api&utm_source=ce5ae1a3,"London or UK Remote | £110,000 - £125,000  Stock Options  Benefits | Hear from the team ✨ ⭐Our Design team We’re a team of 100 designers, researchers, and brand experts led by Chief Design Officer Vuokko Aro. We’re on a mission to make money work for everyone. Product Design makes up almost half of our design disciplines, working in tight-knit squads alongside research, product, and engineering to solve real customer problems at scale. We design for the ""magic moments"" We’ve built a bank that f…",110000.0,125000.0,0,5687232817,2026-04-02T11:14:01Z,"Senior Lead Product Designer, Operations",,,IT Jobs,it-jobs,Referrals Only,"['UK', 'London']","London, UK",,
https://www.adzuna.co.uk/jobs/details/1300285180?utm_medium=api&utm_source=ce5ae1a3,"Search Engine Evaluators conduct research, evaluation and feedback on search engine results by, but not limited to, measuring the relevance and usefulness of web pages in correlation to predefined queries, by providing comparative analysis of sets of search engine results and various other techniques. Appen is looking for highly educated individuals for an exciting work from home, independent contractor opportunity. Applicants must be self motivated and internet savvy. This is an opportunity to…",28000.0,28000.0,0,1300285180,2019-10-16T11:16:46Z,Work from Home Independent Contractor,51.216099,-0.929012,IT Jobs,it-jobs,Appen,"['UK', 'South East England', 'Hampshire', 'Hook', 'Long Sutton']","Long Sutton, Hook",,
https://www.adzuna.co.uk/jobs/details/5695507964?utm_medium=api&utm_source=ce5ae1a3,"Description Email Security Architect The Company: Varonis (Nasdaq: VRNS) is a leader in data security, fighting a different battle than conventional cybersecurity companies. Our cloud-native Data Security Platform continuously discovers and classifies critical data, removes exposures, and detects advanced threats with AI-powered automation. Thousands of organizations worldwide trust Varonis to defend their data wherever it lives — across SaaS, IaaS, and hybrid cloud environments. Customers use …",36287.32,36287.32,1,5695507964,2026-04-10T11:27:15Z,Email Security Architect,51.503378,-0.139134,IT Jobs,it-jobs,Varonis Home,"['UK', 'London']","London, UK",,
https://www.adzuna.co.uk/jobs/land/ad/5702476863?se=NLXrFbNB8RGtTOojiaELgw&utm_medium=api&utm_source=ce5ae1a3&v=FC609333E3F19F6362D753FBD8B861C7427C0994,"Trainee Cyber Security Course Programme – Job Guarantee Included Complete online training designed to take you from zero experience to your first Cyber Security role. Study part-time, build fundamental skills, and get dedicated job placement support until you're hired. Flexible financing options available, with payment plans starting from as low as £142 per month. The Programme Complete this 8-10 week online training with just 2 hours per day of study time. You will learn industry-recognised me…",38338.57,38338.57,1,5702476863,2026-04-17T12:14:11Z,Entry-Level Cyber Security Training (Stoke-on-Trent),53.008121,-2.178499,IT Jobs,it-jobs,ITonlinelearning Recruitment,"['UK', 'West Midlands', 'Staffordshire', 'Stoke-On-Trent', 'Hanley']","Hanley, Stoke-On-Trent",part_time,
https://www.adzuna.co.uk/jobs/details/5635427883?utm_medium=api&utm_source=ce5ae1a3,"Join us as a Java Developer at Barclays where you'll spearhead the evolution of our digital landscape, driving innovation and excellence. You'll harness cutting-edge technology to revolutionise our digital offerings, ensuring unapparelled customer experiences. To be successful as a Java Developer , you should have experience with: Strong experience as a Java developer with a deep understanding of core Java concepts, modern frameworks and best practices for building scalable, maintainable and hi…",57172.75,57172.75,1,5635427883,2026-02-19T01:37:40Z,Java Developer,55.86026,-4.25596,IT Jobs,it-jobs,Barclays UK,"['UK', 'Scotland', 'Glasgow']","Glasgow, Scotland",,
https://www.adzuna.co.uk/jobs/details/5665214841?utm_medium=api&utm_source=ce5ae1a3,"Join Smartbox and make a meaningful impact as our newest team member! Are you a passionate Firmware Engineer who wants to play a part in creating technology that gives a voice to those without speech? Smartbox is seeking a dedicated and talented individual like you to join our team and make a real difference in the lives of people with disabilities. At Smartbox, we take pride in being a leading company in assistive communication technology. Our innovative products, combining specialised hardwar…",50000.0,60000.0,0,5665214841,2026-03-14T10:13:32Z,Firmware Engineer,,,IT Jobs,it-jobs,Smartbox Assistive Technology,['UK'],UK,full_time,
https://www.adzuna.co.uk/jobs/details/5544829305?utm_medium=api&utm_source=ce5ae1a3,"We help the world run better At SAP, we keep it simple: you bring your best to us, and we'll bring out the best in you. We're builders touching over 20 industries and 80% of global commerce, and we need your unique talents to help shape what's next. The work is challenging – but it matters. You'll find a place where you can be yourself, prioritize your wellbeing, and truly belong. What's in it for you? Constant learning, skill growth, great benefits, and a team that wants you to grow and succee…",79135.09,79135.09,1,5544829305,2025-12-16T19:50:30Z,"Business Processes Senior Consultant - Data Management & Analytics (BDC, SAC, Datasphere, BW, HANA)",,,IT Jobs,it-jobs,SAP,"['UK', 'South East England']","South East England, UK",full_time,permanent
https://www.adzuna.co.uk/jobs/details/5696234307?utm_medium=api&utm_source=ce5ae1a3,"Job Title: Regulatory Compliance Manager Location: Nottingham, UK (1 Day In Office Per Week) Salary: £60,000 - £70,000  bonus The Opportunity An established, fast-growing global technology business is seeking an experienced Regulatory Compliance Manager to lead and evolve its regulatory compliance function within the telecommunications space. This role plays a critical part in ensuring products, services, and operations meet all relevant regulatory, legal, and industry requirements across multi…",60000.0,70000.0,0,5696234307,2026-04-11T02:47:11Z,Regulatory Compliance Manager,52.955101,-1.14917,IT Jobs,it-jobs,Digital Waffle,"['UK', 'East Midlands', 'Nottinghamshire', 'Nottingham']","Nottingham, Nottinghamshire",full_time,permanent
https://www.adzuna.co.uk/jobs/details/5627996723?utm_medium=api&utm_source=ce5ae1a3,"Grafana Labs is a remote-first, open-source powerhouse. There are more than 20M users of Grafana, the open source visualization tool, around the globe, monitoring everything from beehives to climate change in the Alps. The instantly recognizable dashboards have been spotted everywhere from a NASA launch and Minecraft HQ to Wimbledon and the Tour de France. Grafana Labs also helps more than 3,000 companies  including Bloomberg, JPMorgan Chase, and eBay  manage their observability strategies with…",100000.0,121000.0,0,5627996723,2026-02-13T17:09:06Z,Staff Backend Engineer - Adaptive Telemetry | UK | Remote,,,IT Jobs,it-jobs,Grafana Labs,['UK'],UK,full_time,
https://www.adzuna.co.uk/jobs/details/5711115377?utm_medium=api&utm_source=ce5ae1a3,"Role : Pursuit Writing Senior Analyst Location: London (Hybrid role) At Accenture, our Sales Excellence team help our people compete, win, and grow- building client portfolios, optimising deals, and strengthening sales through data-driven insight. As a Pursuit Writing Senior Analyst, you’re a clear, concise communicator who gets to the point. You’re competitive, detail-oriented, and enjoy turning complex ideas into well-structured, compelling content. You stay curious about new technologies and…",45807.69,45807.69,1,5711115377,2026-04-26T19:28:00Z,Proposal Writer,,,IT Jobs,it-jobs,Accenture,"['UK', 'London']","London, UK",full_time,
https://www.adzuna.co.uk/jobs/details/5703652680?utm_medium=api&utm_source=ce5ae1a3,"Junior IT Support Technician £26k per annum Monday – Thursday 9am-5pm / Friday 8am-4pm Wrexham Our client based in the Wrexham area is currently recruiting a Junior IT Support Technician on a permanent basis. Working within a small IT team, this role supports the IT Operations Lead and Application Support Engineer, providing on-site, first-line IT support to business users. The role works closely with external IT service providers and reports to the IT Operations Lead. The Junior IT Support Tec…",26000.0,26000.0,0,5703652680,2026-04-18T12:55:03Z,Junior IT Support Technician,53.046902,-2.99167,IT Jobs,it-jobs,Gap Personnel,"['UK', 'Wales', 'Wrexham']","Wrexham, Wales",full_time,permanent
https://www.adzuna.co.uk/jobs/details/5706347706?utm_medium=api&utm_source=ce5ae1a3,"The role: This is more than a job - it's a mission . You will be part of a high-impact, collaborative environment, where we expect everyone to live the values and standards of the British Army. Every person in our team plays a critical role in delivering OMNIA's vision; designing, delivering, and transforming collective training so the British Army is ready to fight and win. You'll work in a matrix organisation and report operationally through OMNIA Training and functionally through the OMNIA C…",77389.18,77389.18,1,5706347706,2026-04-21T21:12:13Z,Configuration & Release Manager,51.352379,-1.941596,IT Jobs,it-jobs,Gattaca PBS,"['UK', 'South West England', 'Wiltshire']","Wiltshire, South West England",full_time,permanent
https://www.adzuna.co.uk/jobs/details/5710402791?utm_medium=api&utm_source=ce5ae1a3,"Planned Systems International (PSI) is an Enterprise IT services company who focuses on designing, building, securing, and operating cutting-edge software solutions that drive mission success and operational excellence for Federal Government organizations. PSI has a need for a Fixed-Wing Mission Planning Systems Engineer (MPSE) at RAF Mildenhall in Suffolk, England. The Mission Planning Systems Engineer (MPSE) will support Air Force Special Operations Command (AFSOC) under the Command and Contr…",51273.03,51273.03,1,5710402791,2026-04-25T17:23:19Z,Fixed-Wing Mission Planning Systems Engineer,51.425598,-1.70009,IT Jobs,it-jobs,"Planned Systems International, Inc.","['UK', 'South West England', 'Wiltshire', 'Marlborough', 'Mildenhall']","Mildenhall, Marlborough",full_time,
https://www.adzuna.co.uk/jobs/details/5295889163?utm_medium=api&utm_source=ce5ae1a3,"Business:Data Analytics Function/Department:Data & Analytics Place of Work:Mumbai Job Purpose 'The Senior Data Analyst role '- Identifies business needs builds analytical tools and methods Develop test strategies Ensures delivery outcomes for specific business asks on Data Analytics Job & Responsibilities '- Identify and scope business requirements and priorities through rigorous information gathering and analysis as well as clarification of the solutions, initiatives and programmes to enable e…",42603.14,42603.14,1,5295889163,2025-07-10T16:01:11Z,Senior Data Analyst - Cx,,,IT Jobs,it-jobs,idfc first bank,['UK'],UK,full_time,
https://www.adzuna.co.uk/jobs/details/5702457465?utm_medium=api&utm_source=ce5ae1a3,"About Aiviq Aiviq is a cutting-edge fintech company revolutionising financial services and asset management. We empower the world's leading asset managers with data-driven insights and innovative technology solutions. Our cloud-based platform transforms complex financial data into actionable intelligence, addressing critical challenges in client data quality and insights. Serving global asset managers overseeing trillions in Assets under Management, we're at the forefront of financial technolog…",41479.7,41479.7,1,5702457465,2026-04-17T11:23:37Z,Senior Customer Services Analyst,51.503378,-0.139134,IT Jobs,it-jobs,Aiviq Aiviq,"['UK', 'London']","London, UK",,
https://www.adzuna.co.uk/jobs/land/ad/5119753729?se=niEkFrNB8RG60p_fUSdYlA&utm_medium=api&utm_source=ce5ae1a3&v=E62E21942BC7F720492A148FB1F68E6F7A614ABF,"Software Developer - Ground Segment Systems Summary Are you passionate about space technology and eager to launch your career in the exciting realm of the space industry? Our client is a dynamic player in the field of Space Systems and Geo-Information, and they are seeking a number of Software Developers to join their team working on groundbreaking projects spanning both civil and defence missions across the UK and Europe. Responsibilities Engaging in software development for cutting-edge Groun…",68386.3,68386.3,1,5119753729,2025-03-31T12:23:48Z,Software Developer - Ground Stations,51.503378,-0.139134,IT Jobs,it-jobs,Micro IT Global,"['UK', 'London']","London, UK",,
https://www.adzuna.co.uk/jobs/land/ad/5687538342?se=niEkFrNB8RG60p_fUSdYlA&utm_medium=api&utm_source=ce5ae1a3&v=EB811E34D1A11661754EF0A05C314B36BFBD7188,"Junior – Mid Software Engineer Shoreditch | Well-funded startup This one’s for the engineers who know they’re capable of more than their current role is letting them show. We’re working with a small, well-funded startup in Shoreditch who are building something genuinely interesting and are now looking for a junior – mid level Software Engineer to join the team. You don’t need Ruby on Rails or Postgres experience coming in, they will train you. You do need strong fundamentals, curiosity, and the…",58581.5,58581.5,1,5687538342,2026-04-02T14:55:37Z,Software Engineer,51.503378,-0.139134,IT Jobs,it-jobs,Motive Group,"['UK', 'London']","London, UK",,
https://www.adzuna.co.uk/jobs/details/5668935933?utm_medium=api&utm_source=ce5ae1a3,"Based 5x per week in London! About Us Thrive is an innovative technology solutions provider focused on Cyber Security, Hybrid Cloud, Global Network Management, Disaster Recovery and traditional Managed Services. Our corporate culture, engineering talent, customer-centric approach, and focus upon NextGen services help us stand out among our peers. Thrive is on the look-out for individuals who don't view their weekdays spent at 'a job' but rather look to develop valuable skills that ignite their …",34674.58,34674.58,1,5668935933,2026-03-16T22:16:54Z,Technical Support Engineer - Field,51.503378,-0.139134,IT Jobs,it-jobs,Thrive,"['UK', 'London']","London, UK",,
https://www.adzuna.co.uk/jobs/details/5687658180?utm_medium=api&utm_source=ce5ae1a3,"Role Title: Endpoint/Linux SME Start Date: Early May End Date: 30th November 2026 Rate: £506 pay - Umbrella only Location: Knutsford [3 days on site] Role Overview The Endpoint SME will support and be responsible for the packaging, testing, and deployment of software packages including but not limited to Illumio VEN agents across a heterogeneous endpoint estate including Windows Desktop, Windows Server, Linux Server, and macOS. The role focuses on enabling standardised, repeatable deployment ar…",0.0,131560.0,0,5687658180,2026-04-02T20:16:58Z,Endpoint/Linux SME,53.301102,-2.37271,IT Jobs,it-jobs,Experis UK,"['UK', 'North West England', 'Cheshire', 'Knutsford']","Knutsford, Cheshire",full_time,
https://www.adzuna.co.uk/jobs/land/ad/5706138476?se=niEkFrNB8RG60p_fUSdYlA&utm_medium=api&utm_source=ce5ae1a3&v=02266BC3635015F7349623D6F02C7607AD8B2DE4,"Artificial Intelligence is used in every industry and as artificial intelligence requires data to operate there is now a massive growing demand for Data experts. If you are detail orientated, perceptive, organised, competent, analytical and can communicate well with those around you; you could have a truly rewarding future within Data Science. We use our specialised Data Science Career programme which looks to assist, train and place qualified candidates into a career pathway in Data Science. O…",30000.0,50000.0,0,5706138476,2026-04-21T12:56:33Z,Data Science Trainee,51.536301,0.081478,IT Jobs,it-jobs,ITOL Recruit,"['UK', 'Eastern England', 'Essex', 'Barking']","Barking, Essex",full_time,permanent
https://www.adzuna.co.uk/jobs/land/ad/5693207847?se=niEkFrNB8RG60p_fUSdYlA&utm_medium=api&utm_source=ce5ae1a3&v=DCB5E472B3499BA5C237BAA15884ACFD2BE7CD7A,"Infrastructure Engineer (Security-Focused) £540 - £580 per day - Inside IR35 DV Cleared Location - Farnborough - Onsite 12 Month Contract The Role We are looking for a skilled Infrastructure Engineer with strong experience in enterprise security platforms such as Trellix (formerly McAfee ePO) or similar endpoint security tools. This is an exciting opportunity to work at the intersection of infrastructure and cybersecurity, contributing to the design and delivery of secure, resilient environment…",140400.0,150800.0,0,5693207847,2026-04-08T14:17:09Z,Infrastructure Engineer - DV Cleared,51.286562,-0.73797,IT Jobs,it-jobs,CBSbutler Holdings Limited trading as CBSbutler,"['UK', 'South East England', 'Surrey', 'Camberley', 'Mytchett']","Mytchett, Camberley",,contract
https://www.adzuna.co.uk/jobs/details/5581641546?utm_medium=api&utm_source=ce5ae1a3,"You'll be responsible for monitoring the product functionality, setting up dashboards and providing analysis whilst working cross functionally across Finance, Operations, Product and Engineering to ensure our customers are getting the best experience possible. What you can expect to be doing: Analyse and query data using SQL Provide data extracts, analysis and dashboard reporting to all areas of the business, helping to determine opportunities and support solutions Own areas of MI and processes…",44164.89,44164.89,1,5581641546,2026-01-13T03:29:56Z,Senior Data Ops Analyst,51.524663,-0.077642,IT Jobs,it-jobs,Chip ,"['UK', 'London', 'East London', 'Spitalfields']","Spitalfields, East London",full_time,
